,date,open,close,high,low,sema,lema,dif,dea,macd
0,2016-01-04,4.248,3.849,4.248,3.839,3.849,3.849,0.0,0.0,0.0
1,2016-01-05,3.719,3.859,3.969,3.55,3.8544166666666664,3.8541923076923075,0.0,0.0,0.0
2,2016-01-06,3.869,3.988,3.998,3.849,3.906554272517321,3.902268112370626,0.0,0.0,0.0
3,2016-01-07,3.959,3.629,3.959,3.61,3.8189412356321837,3.8258742898534255,-0.01,-0.0,-0.02
4,2016-01-08,3.749,3.719,3.819,3.52,3.7917875590985624,3.8010897012228355,-0.01,-0.0,-0.02
5,2016-01-11,3.689,3.58,3.809,3.56,3.74031204013553,3.7568071974161006,-0.02,-0.01,-0.02
6,2016-01-12,3.59,3.58,3.649,3.52,3.7045389692683157,3.7253629538998623,-0.02,-0.01,-0.02
7,2016-01-13,3.57,3.5,3.62,3.49,3.661854838962861,3.6890513979099078,-0.03,-0.01,-0.039999999999999994
8,2016-01-14,3.42,3.55,3.55,3.38,3.639725970569621,3.668440928153077,-0.03,-0.02,-0.019999999999999997
9,2016-01-15,3.51,3.36,3.52,3.34,3.58671800786061,3.6258790820272395,-0.04,-0.02,-0.04
10,2016-01-18,3.3,3.35,3.41,3.271,3.5434043200964305,3.5900974776896883,-0.05,-0.03,-0.04000000000000001
11,2016-01-19,3.35,3.5,3.56,3.32,3.5356871744735727,3.5790275829425724,-0.04,-0.03,-0.020000000000000004
12,2016-01-20,3.46,3.43,3.5,3.39,3.51733586598384,3.5615690284814856,-0.04,-0.03,-0.020000000000000004
13,2016-01-21,3.35,3.32,3.46,3.32,3.4837358685873845,3.5344379517264084,-0.05,-0.04,-0.020000000000000004
14,2016-01-22,3.36,3.35,3.39,3.29,3.461332821120825,3.514486283236475,-0.05,-0.04,-0.020000000000000004
15,2016-01-25,3.37,3.37,3.41,3.34,3.4462393523119674,3.499371831083455,-0.05,-0.04,-0.020000000000000004
16,2016-01-26,3.34,3.031,3.35,3.031,3.37839203072817,3.4518279999985584,-0.07,-0.05,-0.04000000000000001
17,2016-01-27,3.041,2.941,3.081,2.752,3.307600961836148,3.4013590942145564,-0.09,-0.06,-0.06
18,2016-01-28,2.902,2.832,2.981,2.812,3.231236911043176,3.3464646389677695,-0.12,-0.07,-0.09999999999999998
19,2016-01-29,2.842,2.951,3.001,2.832,3.1865413787649883,3.3091693176804386,-0.12,-0.08,-0.07999999999999999
20,2016-02-01,2.941,2.922,2.971,2.882,3.1445860290678778,3.273380443384472,-0.13,-0.09,-0.08000000000000002
21,2016-02-02,2.922,2.991,3.021,2.922,3.1203429789716766,3.247748648079575,-0.13,-0.1,-0.06
22,2016-02-03,2.971,3.031,3.071,2.941,3.106296676355708,3.228397375108889,-0.12,-0.1,-0.03999999999999998
23,2016-02-04,3.021,3.041,3.081,3.011,3.096065375333611,3.2119171707591683,-0.12,-0.11,-0.01999999999999999
24,2016-02-05,3.061,3.011,3.061,3.011,3.082774318082276,3.19448969367834,-0.11,-0.11,0.0
25,2016-02-15,2.932,2.971,2.991,2.892,3.065351913808289,3.1753467405229054,-0.11,-0.11,0.0
26,2016-02-16,2.981,3.101,3.141,2.961,3.070897196262922,3.169051492485815,-0.1,-0.11,0.01999999999999999
27,2016-02-17,3.081,3.111,3.131,3.051,3.0771247881004826,3.1641875887525255,-0.09,-0.1,0.020000000000000018
28,2016-02-18,3.151,3.231,3.34,3.151,3.100985707238156,3.1697316909915925,-0.07,-0.1,0.06
29,2016-02-19,3.191,3.201,3.231,3.171,3.116475686136059,3.172303435098608,-0.06,-0.09,0.06
30,2016-02-22,3.231,3.271,3.31,3.231,3.1403833883829573,3.180355181661475,-0.04,-0.08,0.08
31,2016-02-23,3.251,3.261,3.31,3.231,3.1590286996952335,3.186885232537619,-0.03,-0.07,0.08000000000000002
32,2016-02-24,3.251,3.3,3.31,3.241,3.180804454071745,3.195981716058743,-0.02,-0.06,0.07999999999999999
33,2016-02-25,3.29,3.011,3.29,2.981,3.1545911970034792,3.181199602727765,-0.03,-0.05,0.04000000000000001
34,2016-02-26,3.041,3.061,3.081,2.961,3.1401508351119674,3.171650048734303,-0.03,-0.05,0.04000000000000001
35,2016-02-29,3.041,2.922,3.041,2.822,3.1065069283037783,3.1519219912875394,-0.05,-0.05,0.0
36,2016-03-01,2.922,2.981,3.001,2.922,3.0871581499390675,3.1384817616651737,-0.05,-0.05,0.0
37,2016-03-02,2.991,3.131,3.151,2.971,3.093914875214192,3.137896113358325,-0.04,-0.05,0.020000000000000004
38,2016-03-03,3.131,3.171,3.271,3.111,3.1057917135201363,3.140476534645741,-0.03,-0.04,0.020000000000000004
39,2016-03-04,3.161,3.181,3.281,3.111,3.117376735908956,3.1436231127468255,-0.03,-0.04,0.020000000000000004
40,2016-03-07,3.231,3.221,3.29,3.191,3.133335697587179,3.149609898212286,-0.02,-0.04,0.04
41,2016-03-08,3.211,3.181,3.221,3.071,3.140675251975265,3.1520306226637804,-0.01,-0.03,0.039999999999999994
42,2016-03-09,3.111,3.111,3.141,3.081,3.136106360170426,3.1488760464187924,-0.01,-0.03,0.039999999999999994
43,2016-03-10,3.091,3.121,3.181,3.091,3.1337808109467726,3.1467388437406987,-0.01,-0.02,0.02
44,2016-03-11,3.091,3.141,3.151,3.081,3.1348920594084513,3.1462999960362374,-0.01,-0.02,0.02
45,2016-03-14,3.171,3.241,3.271,3.161,3.151223869062324,3.153524370719985,-0.0,-0.02,0.04
46,2016-03-15,3.241,3.34,3.36,3.221,3.1802776570685407,3.1677186180125845,0.01,-0.01,0.04
47,2016-03-16,3.29,3.32,3.42,3.29,3.201780482628096,3.1792864005015784,0.02,-0.0,0.04
48,2016-03-17,3.32,3.38,3.4,3.32,3.22920651144459,3.194504500616482,0.03,0.0,0.06
49,2016-03-18,3.39,3.41,3.43,3.37,3.257027453311961,3.2108148876910865,0.05,0.01,0.08
50,2016-03-21,3.42,3.639,3.749,3.42,3.3158041857259106,3.2431710753361487,0.07,0.02,0.1
51,2016-03-22,3.629,3.55,3.629,3.52,3.3518403938108507,3.2663223377226713,0.09,0.04,0.09999999999999999
52,2016-03-23,3.52,3.61,3.769,3.51,3.391562929808664,3.2922182429263307,0.1,0.05,0.1
53,2016-03-24,3.58,3.5,3.629,3.5,3.408247572411416,3.307854532040578,0.1,0.06,0.08000000000000002
54,2016-03-25,3.5,3.57,3.649,3.49,3.433135106314474,3.327558638578755,0.11,0.07,0.07999999999999999
55,2016-03-28,3.59,3.53,3.6,3.51,3.448038687245499,3.3427585204509427,0.11,0.08,0.06
56,2016-03-29,3.54,3.47,3.56,3.41,3.4514175981399347,3.3523025499462413,0.1,0.08,0.04000000000000001
57,2016-03-30,3.48,3.53,3.55,3.48,3.4635079474577233,3.3656187155507613,0.1,0.08,0.04000000000000001
58,2016-03-31,3.53,3.5,3.55,3.48,3.469122403706332,3.3756801997808874,0.09,0.09,0.0
59,2016-04-01,3.49,3.49,3.54,3.41,3.472334484075194,3.38423279733716,0.09,0.09,0.0
60,2016-04-05,3.49,3.58,3.669,3.48,3.488899031313549,3.3988678995118526,0.09,0.09,0.0
61,2016-04-06,3.59,3.6,3.659,3.56,3.505992030880887,3.413893797194712,0.09,0.09,0.0
62,2016-04-07,3.6,3.54,3.659,3.53,3.511224166730519,3.4233088089432058,0.09,0.09,0.0
63,2016-04-08,3.52,3.56,3.58,3.5,3.5187283117108987,3.4335081196374224,0.09,0.09,0.0
64,2016-04-11,3.58,3.729,3.849,3.58,3.5510784246353335,3.4555445212288936,0.1,0.09,0.020000000000000018
65,2016-04-12,3.709,3.669,3.759,3.659,3.5692205008147333,3.47145505681032,0.1,0.09,0.020000000000000018
66,2016-04-13,3.689,3.689,3.799,3.679,3.587648369925906,3.487662894159631,0.1,0.09,0.020000000000000018
67,2016-04-14,3.719,3.779,3.789,3.679,3.6170874253906535,3.509359183603448,0.11,0.1,0.01999999999999999
68,2016-04-15,3.809,3.829,3.939,3.769,3.6496896814982387,3.5331538358783137,0.12,0.1,0.03999999999999998
69,2016-04-18,3.819,3.799,3.929,3.729,3.672660691434256,3.5529366394087525,0.12,0.1,0.03999999999999998
70,2016-04-19,3.829,3.809,3.899,3.789,3.6936361177950467,3.5719849765924434,0.12,0.11,0.01999999999999999
71,2016-04-20,3.819,3.719,3.839,3.55,3.697538276835041,3.582917855301034,0.11,0.11,0.0
72,2016-04-21,3.689,3.53,3.719,3.52,3.671763027004025,3.578983728048972,0.09,0.11,-0.04000000000000001
73,2016-04-22,3.54,3.48,3.629,3.41,3.642260896636583,3.5716268637396165,0.07,0.1,-0.06
74,2016-04-25,3.48,3.44,3.53,3.39,3.611143722973634,3.561846275965533,0.05,0.09,-0.07999999999999999
75,2016-04-26,3.45,3.45,3.47,3.41,3.586352305041175,3.5535374149494183,0.03,0.08,-0.1
76,2016-04-27,3.44,3.39,3.46,3.37,3.5561441798188596,3.5413911122173807,0.01,0.07,-0.12000000000000001
77,2016-04-28,3.41,3.34,3.41,3.261,3.5228911561520486,3.5264362923684205,-0.0,0.05,-0.1
78,2016-04-29,3.31,3.35,3.41,3.29,3.4962924673860445,3.51333696146448,-0.02,0.04,-0.12
79,2016-05-03,3.36,3.42,3.43,3.35,3.4845551462816813,3.5064084319744304,-0.02,0.03,-0.1
80,2016-05-04,3.4,3.39,3.42,3.37,3.4700081813727106,3.4977686347848387,-0.03,0.02,-0.1
81,2016-05-05,3.39,3.38,3.4,3.35,3.456160753286492,3.4890291563370233,-0.03,0.01,-0.08
82,2016-05-06,3.38,3.36,3.52,3.35,3.441366777169648,3.4794553378046302,-0.04,-0.0,-0.08
83,2016-05-09,3.32,3.251,3.39,3.241,3.4120795571086164,3.4625063235291065,-0.05,-0.01,-0.08
84,2016-05-10,3.29,3.271,3.32,3.251,3.3903749950787585,3.448300183948854,-0.06,-0.02,-0.07999999999999999
85,2016-05-11,3.29,3.261,3.32,3.241,3.370471138211592,3.434407546341996,-0.06,-0.03,-0.06
86,2016-05-12,3.251,3.221,3.251,3.181,3.347475567273362,3.4185800119418297,-0.07,-0.04,-0.06000000000000001
87,2016-05-13,3.271,3.34,3.47,3.241,3.346325479525998,3.41275259940344,-0.07,-0.04,-0.06000000000000001
88,2016-05-16,3.35,3.31,3.35,3.261,3.3407369422631645,3.405133219575165,-0.06,-0.05,-0.01999999999999999
89,2016-05-17,3.31,3.251,3.31,3.221,3.3269312547595855,3.3937047277171777,-0.07,-0.05,-0.04000000000000001
90,2016-05-18,3.211,3.131,3.231,3.101,3.296787977261633,3.3742274185034886,-0.08,-0.06,-0.04000000000000001
91,2016-05-19,3.131,3.131,3.171,3.121,3.2712821292111594,3.356195400129364,-0.08,-0.06,-0.04000000000000001
92,2016-05-20,3.101,3.111,3.121,3.071,3.2466233356884873,3.338018616445758,-0.09,-0.07,-0.03999999999999998
93,2016-05-23,3.111,3.121,3.161,3.101,3.2272966657326805,3.321931558416644,-0.09,-0.07,-0.03999999999999998
94,2016-05-24,3.131,3.091,3.141,3.081,3.206327945240709,3.3048140834541453,-0.1,-0.08,-0.04000000000000001
95,2016-05-25,3.101,3.131,3.171,3.101,3.1947390293317453,3.291930998344278,-0.1,-0.08,-0.04000000000000001
96,2016-05-26,3.111,3.111,3.131,3.061,3.181856100560294,3.2785210228340533,-0.1,-0.09,-0.020000000000000018
97,2016-05-27,3.111,3.101,3.121,3.091,3.1694166995084125,3.265364341248519,-0.1,-0.09,-0.020000000000000018
98,2016-05-30,3.101,3.111,3.141,3.091,3.1604295143783094,3.253924328984946,-0.09,-0.09,0.0
99,2016-05-31,3.111,3.201,3.201,3.111,3.166671127897798,3.2500022253515284,-0.08,-0.09,0.01999999999999999
100,2016-06-01,3.181,3.181,3.221,3.171,3.168875569863352,3.244888797049702,-0.08,-0.09,0.01999999999999999
101,2016-06-02,3.181,3.181,3.181,3.151,3.170740866881682,3.2401544483911673,-0.07,-0.08,0.01999999999999999
102,2016-06-03,3.181,3.171,3.191,3.151,3.1707807335166116,3.235030047405663,-0.06,-0.08,0.04000000000000001
103,2016-06-06,3.171,3.151,3.181,3.141,3.167737543658117,3.2288035189128528,-0.06,-0.08,0.04000000000000001
104,2016-06-07,3.151,3.161,3.161,3.131,3.1667009984549557,3.2237794816456713,-0.06,-0.07,0.020000000000000018
105,2016-06-08,3.151,3.141,3.151,3.121,3.162746998611994,3.2176459110952726,-0.05,-0.07,0.04000000000000001
106,2016-06-13,3.121,3.021,3.121,3.001,3.140939767679877,3.203075682532658,-0.06,-0.07,0.020000000000000018
107,2016-06-14,3.021,3.041,3.051,3.011,3.1255644185814795,3.1910671270768565,-0.07,-0.07,0.0
108,2016-06-15,3.021,3.081,3.111,2.991,3.1187083540995957,3.1829121520250983,-0.06,-0.07,0.020000000000000018
109,2016-06-16,3.081,3.041,3.081,3.031,3.1067532225746377,3.1723979268325238,-0.07,-0.07,0.0
110,2016-06-17,3.051,3.051,3.071,3.041,3.098175803641103,3.163403734228939,-0.07,-0.07,0.0
111,2016-06-20,3.051,3.041,3.051,3.021,3.0893795260919963,3.1543351538395874,-0.06,-0.07,0.020000000000000018
112,2016-06-21,3.051,3.041,3.081,3.031,3.0819365220306882,3.1459385537372797,-0.06,-0.07,0.020000000000000018
113,2016-06-22,3.041,3.061,3.061,3.031,3.078715518624085,3.1396458350805143,-0.06,-0.06,0.0
114,2016-06-23,3.051,3.041,3.061,3.031,3.072913131117137,3.13233768887543,-0.06,-0.06,0.0
115,2016-06-24,3.041,3.001,3.061,2.971,3.0618495724412678,3.1226076800877474,-0.06,-0.06,0.0
116,2016-06-27,2.991,3.031,3.041,2.971,3.0571034843579663,3.1158210921875984,-0.06,-0.06,0.0
117,2016-06-28,3.011,3.051,3.051,3.011,3.0561644867618525,3.1110189835063045,-0.05,-0.06,0.01999999999999999
118,2016-06-29,3.051,3.071,3.101,3.051,3.0584468734191823,3.1080543020726843,-0.05,-0.06,0.01999999999999999
119,2016-06-30,3.071,3.051,3.081,3.041,3.0573012005832076,3.1038276452383142,-0.05,-0.06,0.01999999999999999
120,2016-07-01,3.051,3.051,3.071,3.041,3.0563317851072545,3.0999141329108206,-0.04,-0.05,0.020000000000000004
121,2016-07-04,3.051,3.101,3.111,3.031,3.0632038181773575,3.0999945742363937,-0.04,-0.05,0.020000000000000004
122,2016-07-05,3.101,3.171,3.231,3.091,3.079787846169839,3.1052546426619227,-0.03,-0.05,0.04000000000000001
123,2016-07-06,3.171,3.141,3.171,3.121,3.089205100614747,3.107902636742021,-0.02,-0.04,0.04
124,2016-07-07,3.141,3.151,3.151,3.111,3.0987120082205917,3.111095245942527,-0.01,-0.03,0.039999999999999994
125,2016-07-08,3.141,3.121,3.141,3.101,3.102140930035284,3.1118289765248273,-0.01,-0.03,0.039999999999999994
126,2016-07-11,3.121,3.131,3.161,3.121,3.106580786955645,3.1132491331578875,-0.01,-0.02,0.02
127,2016-07-12,3.131,3.181,3.191,3.121,3.1180298966606963,3.118267980348928,-0.0,-0.02,0.04
128,2016-07-13,3.181,3.201,3.211,3.171,3.130794527949251,3.124396577118348,0.01,-0.01,0.04
129,2016-07-14,3.181,3.171,3.201,3.161,3.1369799851901177,3.1278488384777887,0.01,-0.01,0.04
130,2016-07-15,3.191,3.181,3.211,3.171,3.14375229516299,3.131786126250318,0.01,-0.01,0.04
131,2016-07-18,3.191,3.191,3.211,3.151,3.1510211728321487,3.1361725090118333,0.01,-0.0,0.02
132,2016-07-19,3.191,3.171,3.191,3.151,3.154094838550969,3.138752415680999,0.02,0.0,0.04
133,2016-07-20,3.171,3.191,3.201,3.161,3.159772555698051,3.1426227356299403,0.02,0.0,0.04
134,2016-07-21,3.181,3.181,3.191,3.161,3.163038316360414,3.1454655833607275,0.02,0.01,0.02
135,2016-07-22,3.181,3.151,3.181,3.141,3.1611862676893296,3.1458755518201342,0.02,0.01,0.02
136,2016-07-25,3.141,3.151,3.171,3.121,3.159619149583099,3.146255150580424,0.01,0.01,0.0
137,2016-07-26,3.151,3.181,3.181,3.141,3.1629085111860196,3.148828905948731,0.01,0.01,0.0
138,2016-07-27,3.171,3.091,3.201,3.061,3.151845663310337,3.144545186476132,0.01,0.01,0.0
139,2016-07-28,3.091,3.091,3.111,3.071,3.142484792031172,3.140578793368338,0.0,0.01,-0.02
140,2016-07-29,3.091,3.081,3.111,3.071,3.1330255932565882,3.1361654639051433,-0.0,0.01,-0.02
141,2016-08-01,3.081,3.061,3.091,3.041,3.1219447327550225,3.1305975518746947,-0.01,0.0,-0.02
142,2016-08-02,3.071,3.091,3.101,3.051,3.1171840046386645,3.1276643511597735,-0.01,0.0,-0.02
143,2016-08-03,3.091,3.091,3.111,3.071,3.1131556962325724,3.1249484315230425,-0.01,-0.0,-0.02
144,2016-08-04,3.091,3.091,3.101,3.071,3.1097471275813042,3.122433697078139,-0.01,-0.0,-0.02
145,2016-08-05,3.081,3.081,3.101,3.081,3.105324492568683,3.1193644938593605,-0.01,-0.01,0.0
146,2016-08-08,3.081,3.131,3.131,3.081,3.109274570635125,3.120226393726722,-0.01,-0.01,0.0
147,2016-08-09,3.121,3.161,3.161,3.121,3.1172323289990977,3.123246695003653,-0.01,-0.01,0.0
148,2016-08-10,3.161,3.141,3.161,3.131,3.1208888937685244,3.124561768399096,-0.0,-0.01,0.02
149,2016-08-11,3.141,3.201,3.221,3.131,3.1332136793427594,3.130223914509253,0.0,-0.0,0.0
150,2016-08-12,3.171,3.191,3.201,3.141,3.142103882520895,3.134725887171028,0.01,-0.0,0.02
151,2016-08-15,3.191,3.221,3.251,3.181,3.1542417467485637,3.1411166153008976,0.01,0.0,0.02
152,2016-08-16,3.231,3.231,3.29,3.221,3.16605070878734,3.1477746950259533,0.02,0.0,0.04
153,2016-08-17,3.231,3.241,3.271,3.221,3.1775813689739807,3.154680322369878,0.02,0.01,0.02
154,2016-08-18,3.241,3.221,3.261,3.211,3.1842611583626366,3.1595929234895164,0.02,0.01,0.02
155,2016-08-19,3.221,3.241,3.251,3.191,3.192990210922273,3.1656231141370976,0.03,0.01,0.039999999999999994
156,2016-08-22,3.231,3.221,3.251,3.201,3.1972994092419404,3.1697251288814092,0.03,0.02,0.019999999999999997
157,2016-08-23,3.221,3.241,3.261,3.211,3.204022577050896,3.1750047766114946,0.03,0.02,0.019999999999999997
158,2016-08-24,3.241,3.221,3.251,3.221,3.206634488273843,3.178411846715596,0.03,0.02,0.019999999999999997
159,2016-08-25,3.211,3.181,3.221,3.171,3.2026907208470883,3.1786035626344105,0.02,0.02,0.0
160,2016-08-26,3.191,3.191,3.211,3.181,3.200892148409071,3.1795218210712433,0.02,0.02,0.0
161,2016-08-29,3.191,3.231,3.241,3.181,3.2055241255769147,3.183335034187593,0.02,0.02,0.0
162,2016-08-30,3.231,3.221,3.241,3.211,3.207905029334316,3.1861250415985403,0.02,0.02,0.0
163,2016-08-31,3.221,3.231,3.231,3.201,3.2114581017444253,3.1894491235604634,0.02,0.02,0.0
164,2016-09-01,3.231,3.171,3.231,3.171,3.2052337783991223,3.1880825176395984,0.02,0.02,0.0
165,2016-09-02,3.181,3.181,3.211,3.171,3.2015055047992544,3.1875578852190656,0.01,0.02,-0.02
166,2016-09-05,3.191,3.221,3.241,3.191,3.204504657907064,3.190035085395784,0.01,0.02,-0.02
167,2016-09-06,3.221,3.251,3.251,3.211,3.211657787459828,3.1945510159496826,0.02,0.02,0.0
168,2016-09-07,3.251,3.35,3.45,3.231,3.2329412047737125,3.206065781369674,0.03,0.02,0.019999999999999997
169,2016-09-08,3.33,3.32,3.35,3.3,3.246334865577763,3.2145053706703015,0.03,0.02,0.019999999999999997
170,2016-09-09,3.32,3.32,3.39,3.31,3.2576679631811887,3.222319802704178,0.04,0.02,0.04
171,2016-09-12,3.271,3.251,3.31,3.251,3.2566421226917748,3.2244442655507197,0.03,0.03,0.0
172,2016-09-13,3.261,3.251,3.29,3.241,3.255774103816117,3.2264113602386555,0.03,0.03,0.0
173,2016-09-14,3.221,3.211,3.241,3.161,3.2488857801520976,3.2252697762538394,0.02,0.03,-0.019999999999999997
174,2016-09-19,3.201,3.261,3.3,3.191,3.2507495062825447,3.2279164632401027,0.02,0.03,-0.019999999999999997
175,2016-09-20,3.251,3.241,3.251,3.231,3.249249582239076,3.2288856153812278,0.02,0.02,0.0
176,2016-09-21,3.241,3.251,3.271,3.221,3.2495188772792183,3.230523719933217,0.02,0.02,0.0
177,2016-09-22,3.261,3.231,3.271,3.231,3.246669819236261,3.230558999977801,0.02,0.02,0.0
178,2016-09-23,3.241,3.211,3.251,3.201,3.241182154738374,3.2291101836574643,0.01,0.02,-0.02
179,2016-09-26,3.201,3.161,3.211,3.141,3.228846438624777,3.2240649800083983,0.0,0.02,-0.04
180,2016-09-27,3.141,3.171,3.171,3.141,3.2199469865286563,3.220134237242816,-0.0,0.01,-0.02
181,2016-09-28,3.181,3.151,3.181,3.151,3.2093397578319394,3.2150131784032507,-0.01,0.01,-0.04
182,2016-09-29,3.161,3.161,3.181,3.151,3.2019028720116407,3.2110121991659537,-0.01,0.01,-0.04
183,2016-09-30,3.151,3.171,3.181,3.151,3.1971485840098497,3.20804833046267,-0.01,0.0,-0.02
184,2016-10-10,3.181,3.201,3.211,3.171,3.1977411095467962,3.207526231567618,-0.01,0.0,-0.02
185,2016-10-11,3.201,3.231,3.231,3.191,3.2028578619242123,3.2092650302847097,-0.01,-0.0,-0.02
186,2016-10-12,3.231,3.221,3.251,3.211,3.2056489600897184,3.210134287789204,-0.0,-0.0,0.0
187,2016-10-13,3.221,3.231,3.241,3.211,3.209549120075916,3.211679896905444,-0.0,-0.0,0.0
188,2016-10-14,3.241,3.221,3.241,3.201,3.2113107939103904,3.2123702752451058,-0.0,-0.0,0.0
189,2016-10-17,3.231,3.221,3.271,3.211,3.2128014410010994,3.213009514401039,-0.0,-0.0,0.0
190,2016-10-18,3.211,3.281,3.29,3.211,3.2232935270009304,3.2180458487481745,0.01,-0.0,0.02
191,2016-10-19,3.29,3.271,3.29,3.251,3.230632984385403,3.2219683799709258,0.01,0.0,0.02
192,2016-10-20,3.261,3.251,3.281,3.241,3.2337663714030334,3.224118871105095,0.01,0.0,0.02
193,2016-10-21,3.251,3.32,3.42,3.231,3.247033083494874,3.2312211792782772,0.02,0.01,0.02
194,2016-10-24,3.3,3.35,3.37,3.29,3.262874147572586,3.2400196131144594,0.02,0.01,0.02
195,2016-10-25,3.35,3.33,3.38,3.32,3.2732012017921885,3.246684828831783,0.03,0.01,0.039999999999999994
196,2016-10-26,3.33,3.3,3.35,3.29,3.2773240938241597,3.2506341017982736,0.03,0.02,0.019999999999999997
197,2016-10-27,3.3,3.29,3.32,3.281,3.279274233235827,3.2535500949605436,0.03,0.02,0.019999999999999997
198,2016-10-28,3.29,3.261,3.31,3.251,3.2764628127380075,3.254101939901447,0.02,0.02,0.0
199,2016-10-31,3.241,3.251,3.261,3.231,3.27254545693216,3.253872166527929,0.02,0.02,0.0
200,2016-11-01,3.251,3.271,3.271,3.241,3.2723076943272122,3.255140895176037,0.02,0.02,0.0
201,2016-11-02,3.261,3.231,3.271,3.231,3.265952664430718,3.253352680401727,0.01,0.02,-0.02
202,2016-11-03,3.231,3.261,3.29,3.211,3.265190716056761,3.2539191486130474,0.01,0.02,-0.02
203,2016-11-04,3.261,3.241,3.281,3.231,3.261469067432644,3.2529621744963477,0.01,0.01,0.0
204,2016-11-07,3.251,3.251,3.261,3.221,3.2598584416737757,3.252816828216916,0.01,0.01,0.0
205,2016-11-08,3.251,3.271,3.3,3.251,3.261572527570118,3.254163730005883,0.01,0.01,0.0
206,2016-11-09,3.281,3.241,3.29,3.231,3.2584075233285614,3.2531886387767575,0.01,0.01,0.0
207,2016-11-10,3.271,3.31,3.34,3.271,3.266344827431859,3.257396888226108,0.01,0.01,0.0
208,2016-11-11,3.33,3.41,3.43,3.31,3.288445623211573,3.2687008236001787,0.02,0.01,0.02
209,2016-11-14,3.39,3.53,3.59,3.38,3.3256078350251776,3.2880563200010586,0.04,0.02,0.04
210,2016-11-15,3.51,3.49,3.58,3.44,3.350898937328996,3.3030151124379103,0.05,0.02,0.060000000000000005
211,2016-11-16,3.49,3.48,3.54,3.45,3.3707606392783815,3.316125105185062,0.05,0.03,0.04000000000000001
212,2016-11-17,3.47,3.5,3.51,3.41,3.3906436178509387,3.3297454687989188,0.06,0.04,0.039999999999999994
213,2016-11-18,3.5,3.46,3.55,3.45,3.401313830489256,3.339393953270444,0.06,0.04,0.039999999999999994
214,2016-11-21,3.45,3.53,3.6,3.44,3.4211117027216784,3.3535129206146603,0.07,0.05,0.04000000000000001
215,2016-11-22,3.53,3.54,3.56,3.5,3.4394022099952664,3.367326779180174,0.07,0.05,0.04000000000000001
216,2016-11-23,3.53,3.58,3.649,3.52,3.461032639226764,3.3830803519726347,0.08,0.06,0.04000000000000001
217,2016-11-24,3.57,3.57,3.62,3.54,3.4777968485764923,3.396926252542562,0.08,0.06,0.04000000000000001
218,2016-11-25,3.57,3.58,3.6,3.47,3.4935204103339554,3.410487271522109,0.08,0.07,0.01999999999999999
219,2016-11-28,3.6,3.61,3.639,3.55,3.511440347205655,3.4252659928053566,0.09,0.07,0.03999999999999998
220,2016-12-13,3.39,3.45,3.47,3.271,3.5019879860970926,3.4270981415616575,0.07,0.07,0.0
221,2016-12-14,3.49,3.43,3.54,3.42,3.4909129113129245,3.4273130940467427,0.06,0.07,-0.020000000000000018
222,2016-12-15,3.46,3.45,3.51,3.42,3.484618617264782,3.4289936056579844,0.06,0.07,-0.020000000000000018
223,2016-12-16,3.45,3.44,3.48,3.39,3.477754214608662,3.429808894154333,0.05,0.06,-0.01999999999999999
224,2016-12-19,3.43,3.4,3.45,3.38,3.4657920277457905,3.4276008278540493,0.04,0.06,-0.039999999999999994
225,2016-12-20,3.42,3.36,3.42,3.32,3.449516331169515,3.4225933589842095,0.03,0.05,-0.04000000000000001
226,2016-12-21,3.35,3.37,3.39,3.35,3.4372830494511284,3.418697554514222,0.02,0.05,-0.060000000000000005
227,2016-12-22,3.36,3.43,3.44,3.34,3.436162580304801,3.419534772718409,0.02,0.04,-0.04
228,2016-12-23,3.4,3.35,3.43,3.35,3.4229067987194473,3.414384048699099,0.01,0.03,-0.039999999999999994
229,2016-12-26,3.34,3.37,3.38,3.29,3.414767291224148,3.411096341320535,0.0,0.03,-0.06
230,2016-12-27,3.36,3.42,3.47,3.35,3.4155723233435094,3.4117558716056298,0.0,0.02,-0.04
231,2016-12-28,3.42,3.37,3.44,3.36,3.4085611966752776,3.408662844024827,-0.0,0.02,-0.04
232,2016-12-29,3.37,3.37,3.43,3.35,3.4026287048790813,3.4057989296059272,-0.0,0.01,-0.02
233,2016-12-30,3.38,3.37,3.39,3.34,3.3976089041284534,3.4031471570024956,-0.01,0.01,-0.04
234,2017-01-03,3.36,3.38,3.4,3.34,3.394899841954845,3.4014325527561233,-0.01,0.01,-0.04
235,2017-01-04,3.37,3.38,3.39,3.35,3.3926075585771764,3.3998449562351234,-0.01,0.0,-0.02
236,2017-01-05,3.37,3.41,3.44,3.36,3.3952833187960727,3.400597181708202,-0.01,0.0,-0.02
237,2017-01-06,3.39,3.39,3.4,3.37,3.3944705005197537,3.3998122052766626,-0.01,0.0,-0.02
238,2017-01-09,3.39,3.46,3.46,3.38,3.404551961978253,3.4042705604871575,0.0,0.0,0.0
239,2017-01-10,3.44,3.43,3.46,3.42,3.4084670447508296,3.406176444913646,0.0,0.0,0.0
240,2017-01-11,3.43,3.4,3.45,3.39,3.407164422481471,3.405718930471568,0.0,0.0,0.0
241,2017-01-12,3.39,3.38,3.41,3.37,3.4029852805612446,3.403813824495174,-0.0,0.0,-0.0
242,2017-01-13,3.38,3.32,3.39,3.29,3.390218314321053,3.3976053930042047,-0.01,-0.0,-0.02
243,2017-01-16,3.31,3.231,3.31,3.161,3.3657231890408914,3.3852642526953813,-0.02,-0.0,-0.04
244,2017-01-17,3.231,3.251,3.271,3.191,3.3480734676499853,3.375318752431335,-0.03,-0.01,-0.039999999999999994
245,2017-01-18,3.241,3.251,3.261,3.221,3.333139088011526,3.3661099558997374,-0.03,-0.01,-0.039999999999999994
246,2017-01-19,3.241,3.251,3.271,3.241,3.3205023052405225,3.3575832924524294,-0.04,-0.02,-0.04
247,2017-01-20,3.251,3.271,3.29,3.251,3.3128865659727498,3.3511697152007693,-0.04,-0.02,-0.04
248,2017-01-23,3.281,3.32,3.36,3.281,3.3139809404384803,3.3488608473971326,-0.03,-0.02,-0.019999999999999997
249,2017-01-24,3.33,3.36,3.37,3.31,3.3210607957556375,3.3496859698157957,-0.03,-0.03,0.0
250,2017-01-25,3.36,3.34,3.38,3.33,3.3239745194855397,3.3489684905672537,-0.02,-0.03,0.019999999999999997
251,2017-01-26,3.35,3.35,3.37,3.33,3.3279784395646876,3.3490448986736716,-0.02,-0.02,0.0
252,2017-02-03,3.35,3.33,3.36,3.31,3.3282894488624275,3.3476341654336506,-0.02,-0.02,0.0
253,2017-02-06,3.31,3.36,3.36,3.31,3.333167995191285,3.3485501531822726,-0.02,-0.02,0.0
254,2017-02-07,3.36,3.41,3.41,3.35,3.3449883036233947,3.3531019937009394,-0.01,-0.02,0.02
255,2017-02-08,3.4,3.45,3.46,3.38,3.3611439492197954,3.360279623817096,0.0,-0.02,0.04
256,2017-02-09,3.45,3.44,3.49,3.42,3.3732756493398273,3.3661848368828635,0.01,-0.01,0.04
257,2017-02-10,3.44,3.789,3.789,3.43,3.4372332417490847,3.3975044786698008,0.04,-0.0,0.08
258,2017-02-13,3.889,3.859,4.128,3.829,3.5021204353261486,3.431689332177017,0.07,0.01,0.12000000000000001
259,2017-02-14,3.819,3.899,3.929,3.769,3.5631788298913567,3.4663049372715893,0.1,0.03,0.14
260,2017-02-15,3.839,3.799,3.879,3.749,3.5994590099080708,3.490949016038783,0.11,0.05,0.12
261,2017-02-16,3.779,3.839,3.909,3.759,3.636311469922213,3.5167305704513914,0.12,0.06,0.12
262,2017-02-17,3.849,3.849,3.949,3.819,3.669032782241873,3.5413431208282007,0.13,0.07,0.12
263,2017-02-20,3.869,4.028,4.078,3.839,3.724258508050816,3.5773917785987077,0.15,0.09,0.12
264,2017-02-21,3.998,4.008,4.078,3.959,3.7679110452737676,3.6092886839319975,0.16,0.1,0.12
265,2017-02-22,3.998,4.118,4.168,3.978,3.821770884462419,3.6469710036892025,0.17,0.12,0.10000000000000003
266,2017-02-23,4.138,4.088,4.178,4.048,3.8627292099297397,3.679639818269647,0.18,0.13,0.09999999999999998
267,2017-02-24,4.068,4.028,4.078,3.988,3.8881554853251643,3.705444276204052,0.18,0.14,0.07999999999999996
268,2017-02-27,4.018,4.038,4.108,3.988,3.9112084875828312,3.7300780335474206,0.18,0.15,0.06
269,2017-02-28,4.038,4.058,4.058,4.008,3.9337917971854726,3.7543685496039076,0.18,0.15,0.06
270,2017-03-01,4.058,4.018,4.058,4.008,3.9467469053107846,3.7738968052058968,0.17,0.16,0.020000000000000018
271,2017-03-02,4.018,3.939,4.078,3.879,3.94555507372451,3.786126671496853,0.16,0.16,0.0
272,2017-03-03,3.899,3.899,3.959,3.879,3.93839275468997,3.7944876587996568,0.14,0.16,-0.03999999999999998
273,2017-03-06,3.919,4.008,4.008,3.919,3.949101561660744,3.8103033877884496,0.14,0.15,-0.019999999999999962
274,2017-03-07,4.008,3.978,4.018,3.959,3.9535474752513986,3.8227253590713715,0.13,0.15,-0.03999999999999998
275,2017-03-08,3.978,3.929,3.988,3.909,3.949770940597337,3.8305975547004043,0.12,0.14,-0.040000000000000036
276,2017-03-09,3.919,3.879,3.929,3.849,3.9388831035823624,3.83418292102087,0.1,0.13,-0.06
277,2017-03-10,3.879,3.919,3.969,3.869,3.935824164569691,3.8404656676151254,0.1,0.13,-0.06
278,2017-03-13,3.919,4.008,4.038,3.889,3.946928139251277,3.8528756181680217,0.09,0.12,-0.06
279,2017-03-14,3.988,4.008,4.068,3.988,3.9563238101356957,3.8643663131235706,0.09,0.11,-0.04000000000000001
280,2017-03-15,4.008,4.028,4.068,3.998,3.967350916268665,3.8764873269711835,0.09,0.11,-0.04000000000000001
281,2017-03-16,4.058,3.998,4.058,3.969,3.9720661599196396,3.885488265717438,0.09,0.11,-0.04000000000000001
282,2017-03-17,4.018,3.949,4.038,3.939,3.968517519932003,3.8901928386288924,0.08,0.1,-0.04000000000000001
283,2017-03-20,3.939,3.988,3.988,3.929,3.9715148245578487,3.8974378135476027,0.07,0.09,-0.03999999999999998
284,2017-03-21,3.988,3.988,3.988,3.959,3.9740510053951024,3.904146123657187,0.07,0.09,-0.03999999999999998
285,2017-03-22,3.978,4.078,4.148,3.959,3.99004315841124,3.917024188575023,0.07,0.09,-0.03999999999999998
286,2017-03-23,4.058,4.098,4.098,3.988,4.00665190327105,3.930429804239558,0.08,0.08,0.0
287,2017-03-24,4.098,4.168,4.208,4.058,4.031474687383196,3.948027596522272,0.08,0.08,0.0
288,2017-03-27,4.178,4.138,4.298,4.128,4.04786319701655,3.9620996264125936,0.09,0.08,0.01999999999999999
289,2017-03-28,4.138,4.078,4.138,4.068,4.052499628244773,3.970684839272662,0.08,0.08,0.0
290,2017-03-29,4.068,4.138,4.198,4.058,4.06565353159173,3.983078554884422,0.08,0.08,0.0
291,2017-03-30,4.098,4.108,4.238,4.098,4.07216837288531,3.9923319952649625,0.08,0.08,0.0
292,2017-03-31,4.078,4.058,4.108,4.008,4.069988623210647,3.9971962919127852,0.07,0.08,-0.01999999999999999
293,2017-04-05,4.308,4.188,4.387,4.148,4.088144219639778,4.011329899921353,0.08,0.08,0.0
294,2017-04-06,4.198,4.238,4.268,4.148,4.1111989550798125,4.028120277707274,0.08,0.08,0.0
295,2017-04-07,4.198,4.198,4.258,4.178,4.12455296199061,4.040703960841677,0.08,0.08,0.0
296,2017-04-10,4.198,4.158,4.228,4.148,4.129698660145901,4.049392556335914,0.08,0.08,0.0
297,2017-04-11,4.168,4.238,4.238,4.138,4.146360404738839,4.0633634780903405,0.08,0.08,0.0
298,2017-04-12,4.218,4.148,4.228,4.138,4.146612650163633,4.069632850084285,0.08,0.08,0.0
299,2017-04-13,4.158,4.118,4.168,4.118,4.142210703984613,4.07321560193023,0.07,0.08,-0.01999999999999999
300,2017-04-14,4.118,4.048,4.138,4.018,4.127716749525441,4.071347779564865,0.06,0.07,-0.020000000000000018
301,2017-04-17,4.078,4.018,4.088,3.988,4.11083724959845,4.067396092189372,0.04,0.07,-0.06000000000000001
302,2017-04-18,4.038,4.008,4.048,3.988,4.095016134275611,4.0629963816564985,0.03,0.06,-0.06
303,2017-04-19,3.988,3.939,4.008,3.879,4.071013652079364,4.053811464496124,0.02,0.05,-0.060000000000000005
304,2017-04-20,3.919,3.929,3.959,3.899,4.049165397913307,4.044566170829153,0.0,0.04,-0.08
305,2017-04-21,3.939,3.959,3.988,3.919,4.035293798234337,4.038227935952545,-0.0,0.03,-0.06
306,2017-04-24,3.959,3.709,3.959,3.649,3.985094752352131,4.013840681436204,-0.03,0.02,-0.1
307,2017-04-25,3.719,3.709,3.759,3.699,3.942618636605649,3.9912598902175622,-0.05,0.01,-0.12000000000000001
308,2017-04-26,3.709,3.679,3.729,3.649,3.902061923281703,3.9681295279781374,-0.07,-0.01,-0.12000000000000001
309,2017-04-27,3.669,3.729,3.729,3.54,3.8754370120075947,3.950416229608616,-0.07,-0.02,-0.1
310,2017-04-28,3.719,3.749,3.759,3.679,3.855985164006426,3.9354965088962657,-0.08,-0.03,-0.1
311,2017-05-02,3.779,3.809,3.859,3.779,3.8487566772362065,3.926126397125822,-0.08,-0.04,-0.08
312,2017-05-03,3.799,3.809,3.849,3.779,3.8426402653537135,3.9174503677087946,-0.07,-0.05,-0.04000000000000001
313,2017-05-04,3.799,3.799,3.839,3.739,3.835926378376219,3.9086762663967516,-0.07,-0.05,-0.04000000000000001
314,2017-05-05,3.799,3.669,3.799,3.649,3.81024539708757,3.8909224688853548,-0.08,-0.06,-0.04000000000000001
315,2017-05-08,3.679,3.52,3.689,3.48,3.7655922590740976,3.8634467304486493,-0.1,-0.07,-0.06
316,2017-05-09,3.52,3.57,3.58,3.5,3.7355011422934674,3.8417099356000497,-0.11,-0.07,-0.07999999999999999
317,2017-05-10,3.58,3.43,3.61,3.43,3.688500966556011,3.8112129033326623,-0.12,-0.08,-0.07999999999999999
318,2017-05-11,3.43,3.46,3.49,3.32,3.6533469717012403,3.785197132714862,-0.13,-0.09,-0.08000000000000002
319,2017-05-12,3.45,3.49,3.51,3.44,3.628216668362588,3.7633306784392464,-0.14,-0.1,-0.08000000000000002
320,2017-05-15,3.53,3.47,3.55,3.47,3.6038756424606513,3.741602480035934,-0.14,-0.11,-0.060000000000000026
321,2017-05-16,3.47,3.5,3.5,3.36,3.587894774389782,3.723706000032963,-0.14,-0.11,-0.060000000000000026
322,2017-05-17,3.49,3.51,3.52,3.45,3.5759109629452004,3.707875925956194,-0.13,-0.12,-0.020000000000000018
323,2017-05-18,3.48,3.46,3.49,3.45,3.5580785071074774,3.6895147462554636,-0.13,-0.12,-0.020000000000000018
324,2017-05-19,3.45,3.45,3.48,3.44,3.541451044475558,3.6717729131992605,-0.13,-0.12,-0.020000000000000018
325,2017-05-22,3.45,3.39,3.47,3.37,3.51815088378701,3.650900845554606,-0.13,-0.12,-0.020000000000000018
326,2017-05-23,3.39,3.3,3.39,3.29,3.4845892093582393,3.624908190328033,-0.14,-0.13,-0.020000000000000018
327,2017-05-24,3.29,3.31,3.31,3.211,3.457729330995433,3.6015816577108875,-0.14,-0.13,-0.020000000000000018
328,2017-05-25,3.29,3.37,3.39,3.261,3.4442325108422893,3.584427460843241,-0.14,-0.13,-0.020000000000000018
329,2017-05-26,3.36,3.36,3.4,3.35,3.431273663020398,3.5678032044843273,-0.14,-0.13,-0.020000000000000018
330,2017-05-31,3.41,3.36,3.42,3.36,3.4203084840941833,3.5524103745223923,-0.13,-0.13,0.0
331,2017-06-01,3.37,3.38,3.42,3.35,3.414107178848924,3.5396392356687794,-0.13,-0.13,0.0
332,2017-06-02,3.38,3.4,3.4,3.34,3.4119368436413975,3.5292955885821264,-0.12,-0.13,0.020000000000000018
333,2017-06-05,3.39,3.4,3.43,3.38,3.4101004061581057,3.5197181375759774,-0.11,-0.13,0.04000000000000001
334,2017-06-06,3.41,3.44,3.44,3.39,3.4147003436722434,3.5138130903480898,-0.1,-0.12,0.03999999999999998
335,2017-06-07,3.44,3.48,3.49,3.42,3.4247464446457445,3.5113084169889572,-0.09,-0.11,0.04000000000000001
336,2017-06-08,3.48,3.47,3.49,3.45,3.4317085300848604,3.508248534249018,-0.08,-0.11,0.06
337,2017-06-09,3.47,3.54,3.55,3.45,3.448368756225651,3.5106004946750287,-0.06,-0.1,0.08000000000000002
338,2017-06-12,3.53,3.52,3.56,3.5,3.4593889475755506,3.511296754328734,-0.05,-0.09,0.07999999999999999
339,2017-06-13,3.51,3.53,3.55,3.51,3.4702521864100815,3.512682179934019,-0.04,-0.08,0.08
340,2017-06-14,3.54,3.59,3.63,3.54,3.4886749269623767,3.518409425864856,-0.03,-0.07,0.08000000000000002
341,2017-06-15,3.6,3.6,3.62,3.57,3.5058018612758572,3.524453172097111,-0.02,-0.06,0.07999999999999999
342,2017-06-16,3.59,3.56,3.62,3.55,3.5141400364641866,3.5270862704602974,-0.01,-0.05,0.08
343,2017-06-19,3.55,3.56,3.58,3.53,3.521195415469696,3.5295243245002834,-0.01,-0.04,0.06
344,2017-06-20,3.56,3.56,3.58,3.55,3.527165351551281,3.5317817819447135,-0.0,-0.03,0.06
345,2017-06-21,3.58,3.55,3.59,3.53,3.5306783743895456,3.5331312795784418,-0.0,-0.03,0.06
346,2017-06-22,3.55,3.58,3.63,3.54,3.5382663167911543,3.536603036646714,0.0,-0.02,0.04
347,2017-06-23,3.58,3.55,3.58,3.48,3.540071498823284,3.537595404302515,0.0,-0.02,0.04
348,2017-06-26,3.55,3.71,3.78,3.54,3.566214345158164,3.550366115094949,0.02,-0.01,0.06
349,2017-06-27,3.7,3.72,3.72,3.67,3.5898736766722927,3.5629315880509034,0.03,-0.0,0.06
350,2017-06-28,3.72,3.67,3.72,3.66,3.602200803338094,3.5708625815286292,0.03,0.0,0.06
351,2017-06-29,3.68,3.75,3.76,3.68,3.6249391412860796,3.5841320199339384,0.04,0.01,0.06
352,2017-06-30,3.73,3.75,3.8,3.72,3.6441792733959137,3.596418536975888,0.05,0.02,0.060000000000000005
353,2017-07-03,3.75,3.8,3.82,3.72,3.6681516928734657,3.6114986453480666,0.06,0.03,0.06
354,2017-07-04,3.8,3.8,3.87,3.78,3.6884360478160096,3.625461708655636,0.06,0.03,0.06
355,2017-07-05,3.81,3.82,3.85,3.78,3.708676655844316,3.6398719524589405,0.07,0.04,0.06000000000000001
356,2017-07-06,3.81,3.78,3.83,3.74,3.7196494780221134,3.6502518078323645,0.07,0.05,0.04000000000000001
357,2017-07-07,3.76,3.85,3.85,3.76,3.73970340448025,3.6650479702151686,0.07,0.05,0.04000000000000001
358,2017-07-10,3.85,3.95,3.98,3.84,3.772056726867904,3.686155527977029,0.09,0.06,0.06
359,2017-07-11,3.91,3.9,3.95,3.88,3.791740307349765,3.701995859238005,0.09,0.06,0.06
360,2017-07-12,3.89,3.88,3.93,3.82,3.8053187216036473,3.7151813511463123,0.09,0.07,0.03999999999999998
361,2017-07-13,3.89,3.89,3.93,3.86,3.8183466105877013,3.7281308806910403,0.09,0.07,0.03999999999999998
362,2017-07-14,3.9,3.93,3.93,3.85,3.83552405511267,3.743084148788011,0.09,0.08,0.01999999999999999
363,2017-07-17,3.93,3.8,3.93,3.75,3.8300588158645668,3.7473001377666795,0.08,0.08,0.0
364,2017-07-18,3.75,3.83,3.83,3.75,3.8300497672700176,3.7534260534876696,0.08,0.08,0.0
365,2017-07-19,3.83,3.98,3.98,3.81,3.853119033843861,3.7702093087848887,0.08,0.08,0.0
366,2017-07-20,3.98,3.95,4.02,3.93,3.8680237978678824,3.7835271377637936,0.08,0.08,0.0
367,2017-07-21,3.93,3.97,4.0,3.92,3.883712444349747,3.7973399423738896,0.09,0.08,0.01999999999999999
368,2017-07-24,3.96,4.03,4.06,3.96,3.9062182221420936,3.814574020716573,0.09,0.08,0.01999999999999999
369,2017-07-25,4.03,3.99,4.03,3.96,3.919107726427925,3.8275685377005364,0.09,0.09,0.0
370,2017-07-26,4.02,3.98,4.05,3.94,3.9284757685159364,3.838859757130131,0.09,0.09,0.0
371,2017-07-27,3.97,3.93,4.0,3.88,3.928710265667331,3.845610886231605,0.08,0.09,-0.01999999999999999
372,2017-07-28,3.92,3.92,3.95,3.88,3.927370224795434,3.851121190955192,0.08,0.08,0.0
373,2017-07-31,3.94,4.02,4.02,3.91,3.94162095944229,3.8636307323659222,0.08,0.08,0.0
374,2017-08-01,4.02,4.02,4.04,3.98,3.9536792733742456,3.875213641079561,0.08,0.08,0.0
375,2017-08-02,4.0,3.96,4.03,3.96,3.9546516928551307,3.8814941121107065,0.07,0.08,-0.01999999999999999
376,2017-08-03,3.94,4.0,4.0,3.93,3.961628355492803,3.8902723260284344,0.07,0.08,-0.01999999999999999
377,2017-08-04,4.0,4.0,4.05,3.97,3.967531685416987,3.898400301878182,0.07,0.08,-0.01999999999999999
378,2017-08-07,3.98,3.97,4.01,3.94,3.9679114261220656,3.90370398322054,0.06,0.07,-0.020000000000000018
379,2017-08-08,3.96,3.94,3.98,3.92,3.963617360564825,3.906392577056056,0.06,0.07,-0.020000000000000018
380,2017-08-09,3.93,4.01,4.07,3.9,3.970753151247159,3.914067200977831,0.06,0.07,-0.020000000000000018
381,2017-08-10,3.98,3.93,4.01,3.9,3.964483435670673,3.9152474083128066,0.05,0.06,-0.01999999999999999
382,2017-08-11,3.9,3.78,3.9,3.76,3.9361013686444157,3.9052290817711155,0.03,0.06,-0.06
383,2017-08-14,3.78,3.83,3.85,3.77,3.9197780811606595,3.899656557195476,0.02,0.05,-0.060000000000000005
384,2017-08-15,3.84,3.8,3.85,3.78,3.90135068405902,3.89227458999581,0.01,0.04,-0.06
385,2017-08-16,3.8,3.75,3.81,3.73,3.8780659634345556,3.8817357314776,-0.0,0.03,-0.06
386,2017-08-17,3.75,3.79,3.83,3.74,3.864517353675393,3.874940492108888,-0.01,0.02,-0.06
387,2017-08-18,3.77,3.79,3.83,3.75,3.85305314541764,3.868648603804525,-0.02,0.02,-0.08
388,2017-08-21,3.79,3.85,3.86,3.78,3.8525834307380036,3.8672672257449303,-0.01,0.01,-0.04
389,2017-08-22,3.84,3.82,3.84,3.8,3.847570595239849,3.8637659497638244,-0.02,0.0,-0.04
390,2017-08-23,3.83,3.81,3.84,3.79,3.8417905036644875,3.8597832868183555,-0.02,0.0,-0.04
391,2017-08-24,3.81,3.78,3.81,3.77,3.83228427233149,3.853873413720699,-0.02,-0.0,-0.04
392,2017-08-25,3.78,3.84,3.85,3.77,3.8334713073574145,3.8528457534450924,-0.02,-0.01,-0.02
393,2017-08-28,3.84,3.86,3.91,3.83,3.8375526446870425,3.8533756976343447,-0.02,-0.01,-0.02
394,2017-08-29,3.86,3.86,3.88,3.83,3.8410060839659588,3.853866386698467,-0.01,-0.01,0.0
395,2017-08-30,3.85,3.83,3.86,3.79,3.8393128402788883,3.8520985062022843,-0.01,-0.01,0.0
396,2017-08-31,3.83,3.81,3.85,3.77,3.834803172543675,3.8489800983354487,-0.01,-0.01,0.0
397,2017-09-01,3.81,3.81,3.82,3.78,3.830987299844648,3.846092683643934,-0.02,-0.01,-0.02
398,2017-09-04,3.8,3.83,3.83,3.78,3.8308354075608566,3.8449006330036424,-0.01,-0.01,0.0
399,2017-09-05,3.83,3.8,3.83,3.79,3.8260914987053405,3.8415746601885576,-0.02,-0.01,-0.02
400,2017-09-06,3.8,3.84,3.85,3.78,3.8282312681352884,3.8414580186931087,-0.01,-0.01,0.0
401,2017-09-07,3.83,3.82,3.85,3.81,3.826964919191398,3.839868535826952,-0.01,-0.01,0.0
402,2017-09-08,3.82,3.82,3.84,3.8,3.8258933931619525,3.838396792432363,-0.01,-0.01,0.0
403,2017-09-11,3.82,3.83,3.84,3.8,3.8265251788293444,3.8377748078077434,-0.01,-0.01,0.0
404,2017-09-12,3.83,3.85,3.87,3.82,3.8301366897786764,3.8386803775997627,-0.01,-0.01,0.0
405,2017-09-13,3.85,3.86,3.87,3.83,3.8347310451973415,3.8402596088886694,-0.01,-0.01,0.0
406,2017-09-14,3.86,3.79,3.87,3.79,3.8278493459362117,3.836536674896916,-0.01,-0.01,0.0
407,2017-09-15,3.79,3.79,3.8,3.77,3.822026369638333,3.8330895137934404,-0.01,-0.01,0.0
408,2017-09-18,3.8,3.81,3.82,3.79,3.820176158924743,3.831379179438371,-0.01,-0.01,0.0
409,2017-09-19,3.82,3.77,3.82,3.76,3.812456749859398,3.8268325735540474,-0.01,-0.01,0.0
410,2017-09-20,3.77,3.78,3.79,3.75,3.8074634037271835,3.8233634940315255,-0.02,-0.01,-0.02
411,2017-09-21,3.77,3.75,3.78,3.75,3.7986228800768473,3.8179291611403015,-0.02,-0.01,-0.02
412,2017-09-22,3.75,3.71,3.75,3.68,3.7849885908342555,3.809934408463242,-0.02,-0.02,0.0
413,2017-09-25,3.7,3.66,3.7,3.65,3.7657595768597547,3.798828155984483,-0.03,-0.02,-0.019999999999999997
414,2017-09-26,3.66,3.66,3.67,3.64,3.749488872727485,3.7885445888745215,-0.04,-0.02,-0.04
415,2017-09-27,3.66,3.69,3.71,3.65,3.7403367384617185,3.7812449896986307,-0.04,-0.03,-0.020000000000000004
416,2017-09-28,3.7,3.68,3.71,3.68,3.731054163313762,3.7737453608320655,-0.04,-0.03,-0.020000000000000004
417,2017-09-29,3.7,3.68,3.72,3.68,3.7231996766501063,3.7668012600296903,-0.04,-0.03,-0.020000000000000004
418,2017-10-09,3.72,3.74,3.74,3.71,3.7257843417808596,3.764815981508973,-0.04,-0.03,-0.020000000000000004
419,2017-10-10,3.74,3.76,3.76,3.72,3.731048289199189,3.7644592421379377,-0.03,-0.03,0.0
420,2017-10-11,3.76,3.75,3.77,3.74,3.7339639370146984,3.7633881871647574,-0.03,-0.03,0.0
421,2017-10-12,3.74,3.72,3.75,3.7,3.731815639012437,3.7601742473747755,-0.03,-0.03,0.0
422,2017-10-13,3.71,3.74,3.74,3.71,3.733074771472062,3.7586798586803476,-0.03,-0.03,0.0
423,2017-10-16,3.75,3.72,3.76,3.7,3.731063268168668,3.7558146839632847,-0.02,-0.03,0.019999999999999997
424,2017-10-17,3.72,3.73,3.74,3.7,3.7308996884504118,3.753902485151189,-0.02,-0.03,0.019999999999999997
425,2017-10-18,3.73,3.7,3.74,3.7,3.7261458902272717,3.7499097084733237,-0.02,-0.03,0.019999999999999997
426,2017-10-19,3.7,3.68,3.72,3.66,3.7190465224999993,3.744731211549374,-0.03,-0.03,0.0
427,2017-10-20,3.68,3.69,3.69,3.66,3.7145778267307685,3.7406770477309017,-0.03,-0.03,0.0
428,2017-10-23,3.69,3.7,3.7,3.68,3.712335084156804,3.737663933084168,-0.03,-0.03,0.0
429,2017-10-24,3.7,3.7,3.72,3.69,3.710437378901911,3.734874012114971,-0.02,-0.03,0.019999999999999997
430,2017-10-25,3.7,3.78,3.79,3.7,3.7211393206093093,3.7382166778842323,-0.02,-0.02,0.0
431,2017-10-26,3.76,3.82,3.82,3.75,3.736348655900185,3.7442747017446596,-0.01,-0.02,0.02
432,2017-10-27,3.82,3.81,3.86,3.79,3.747679631915541,3.749143242356167,-0.0,-0.02,0.04
433,2017-10-30,3.81,3.73,3.82,3.7,3.7449596885439194,3.747725224403858,-0.0,-0.01,0.02
434,2017-10-31,3.73,3.76,3.77,3.72,3.7472735826140853,3.7486344670406093,-0.0,-0.01,0.02
435,2017-11-01,3.76,3.75,3.78,3.73,3.7476930314426875,3.748735617630194,-0.0,-0.01,0.02
436,2017-11-02,3.74,3.68,3.74,3.68,3.7372787189130436,3.743644090398328,-0.01,-0.01,0.0
437,2017-11-03,3.67,3.64,3.68,3.6,3.7223127621571908,3.7359667503688225,-0.01,-0.01,0.0
438,2017-11-06,3.63,3.67,3.67,3.57,3.7142646449022387,3.731080324415576,-0.02,-0.01,-0.02
439,2017-11-07,3.66,3.68,3.69,3.63,3.7089931610711253,3.727296596681089,-0.02,-0.01,-0.02
440,2017-11-08,3.69,3.7,3.73,3.67,3.7076095978294137,3.7252746265565637,-0.02,-0.01,-0.02
441,2017-11-09,3.71,3.74,3.76,3.69,3.712592736624888,3.7263653949597817,-0.01,-0.01,0.0
442,2017-11-10,3.74,3.81,3.83,3.72,3.7275784694518284,3.732560550888687,-0.0,-0.01,0.02
443,2017-11-13,3.81,3.8,3.84,3.78,3.7387202433823163,3.7375560656376727,0.0,-0.01,0.02
444,2017-11-14,3.79,3.8,3.83,3.78,3.7481478982465752,3.742181542257104,0.01,-0.01,0.04
445,2017-11-15,3.81,3.74,3.81,3.74,3.74689437543941,3.7420199465343558,0.0,-0.0,0.0
446,2017-11-16,3.74,3.83,3.84,3.74,3.7596798561410396,3.748536987531811,0.01,-0.0,0.02
447,2017-11-17,3.82,3.82,3.88,3.76,3.7689598782731872,3.753830544010936,0.02,0.0,0.04
448,2017-11-20,3.79,3.72,3.8,3.64,3.7614275893080817,3.7513245777879036,0.01,0.0,0.02
449,2017-11-21,3.72,3.86,3.87,3.7,3.776592575568377,3.759374609062874,0.02,0.01,0.02
450,2017-11-22,3.86,3.86,3.93,3.81,3.789424487019396,3.7668283417248833,0.02,0.01,0.02
451,2017-11-23,3.86,3.82,3.92,3.81,3.7941284120933347,3.770766983078596,0.02,0.01,0.02
452,2017-11-24,3.8,3.73,3.8,3.71,3.784262502540514,3.767747206554255,0.02,0.01,0.02
453,2017-11-27,3.71,3.64,3.72,3.64,3.762068271380435,3.7582844505131994,0.0,0.01,-0.02
454,2017-11-28,3.63,3.68,3.69,3.63,3.7494423834757526,3.7524856023270363,-0.0,0.01,-0.02
455,2017-11-29,3.67,3.77,3.78,3.66,3.752605093710252,3.7537829651176264,-0.0,0.01,-0.02
456,2017-11-30,3.76,3.75,3.81,3.74,3.7522043100625213,3.7535027454792833,-0.0,0.0,-0.0
457,2017-12-01,3.75,3.74,3.77,3.71,3.750326723899056,3.7525025421104474,-0.0,0.0,-0.0
458,2017-12-04,3.73,3.69,3.73,3.67,3.7410456894530477,3.74787272417634,-0.01,0.0,-0.02
459,2017-12-05,3.7,3.66,3.71,3.63,3.7285771218448867,3.7413636334966114,-0.01,-0.0,-0.02
460,2017-12-06,3.65,3.7,3.71,3.63,3.724180641561058,3.7382996606450107,-0.01,-0.0,-0.02
461,2017-12-07,3.7,3.68,3.71,3.67,3.7173836197824337,3.7339811672638987,-0.02,-0.01,-0.02
462,2017-12-08,3.69,3.68,3.7,3.65,3.7116322936620594,3.729982562281388,-0.02,-0.01,-0.02
463,2017-12-11,3.69,3.87,3.88,3.68,3.735996556175589,3.7403542243346184,-0.0,-0.01,0.02
464,2017-12-12,3.87,3.82,3.89,3.81,3.748920162917806,3.746253911420943,0.0,-0.01,0.02
465,2017-12-13,3.89,3.85,3.9,3.81,3.7644709070842977,3.7539388068712434,0.01,-0.0,0.02
466,2017-12-14,3.93,4.06,4.18,3.9,3.8099369213790206,3.7766100063622625,0.03,0.0,0.06
467,2017-12-15,4.02,4.03,4.04,3.96,3.8437927796284024,3.7953796355206135,0.05,0.01,0.08
468,2017-12-18,4.05,4.11,4.22,4.01,3.884747736608648,3.8186848477042714,0.07,0.02,0.1
469,2017-12-19,4.1,4.12,4.15,4.06,3.9209403925150097,3.8410044886150656,0.08,0.04,0.08
470,2017-12-20,4.14,4.08,4.17,4.04,3.9454111013588546,3.858707859828764,0.09,0.05,0.07999999999999999
471,2017-12-21,4.07,4.06,4.08,3.98,3.9630401626882614,3.8736183887303377,0.09,0.05,0.07999999999999999
472,2017-12-22,4.05,4.04,4.06,4.01,3.974880137659298,3.88594295252809,0.09,0.06,0.06
473,2017-12-25,4.07,4.09,4.19,4.07,3.9925908857117136,3.9010582893778616,0.09,0.07,0.03999999999999998
474,2017-12-26,4.12,4.5,4.5,4.09,4.07065382637145,3.9454243420165382,0.13,0.08,0.1
475,2017-12-27,4.5,4.54,4.64,4.46,4.142860930006611,3.9894669833486462,0.15,0.09,0.12
476,2017-12-28,4.55,4.61,4.78,4.41,4.214728479236363,4.035432391989487,0.18,0.11,0.13999999999999999
477,2017-12-29,4.58,4.63,4.69,4.5,4.278616405507691,4.079474437027303,0.2,0.13,0.14
478,2018-01-02,4.65,4.72,4.84,4.61,4.346521573891123,4.1269207750252805,0.22,0.15,0.14
479,2018-01-03,4.67,4.69,4.73,4.63,4.399364408677104,4.16863034724563,0.23,0.16,0.14
480,2018-01-04,4.68,4.69,4.75,4.58,4.444077576572934,4.207250321523731,0.24,0.18,0.12
481,2018-01-05,4.66,4.75,4.88,4.62,4.491142564792483,4.247454001410862,0.24,0.19,0.09999999999999998
482,2018-01-08,4.77,4.88,4.92,4.73,4.55096678559364,4.294309260565613,0.26,0.2,0.12
483,2018-01-09,4.85,4.76,4.86,4.7,4.583125741656157,4.328804870894086,0.25,0.21,0.08000000000000002
484,2018-01-10,4.73,4.75,4.82,4.7,4.6087987044782865,4.3600045100871165,0.25,0.22,0.06
485,2018-01-11,4.73,4.57,4.74,4.56,4.602829673020088,4.375559731562145,0.23,0.22,0.020000000000000018
486,2018-01-12,4.56,4.58,4.63,4.54,4.599317415632382,4.390703455150134,0.21,0.22,-0.020000000000000018
487,2018-01-15,4.59,4.6,4.66,4.51,4.599422428612016,4.40620690291679,0.19,0.21,-0.03999999999999998
488,2018-01-16,4.6,4.74,4.75,4.59,4.62104974728709,4.430932317515547,0.19,0.21,-0.03999999999999998
489,2018-01-17,4.74,4.59,4.75,4.55,4.616272863089076,4.442715108810692,0.17,0.2,-0.06
490,2018-01-18,4.57,4.66,4.66,4.51,4.623000114921526,4.458810285935826,0.16,0.19,-0.06
491,2018-01-19,4.67,4.63,4.75,4.61,4.6240770203182135,4.471491005496135,0.15,0.19,-0.08000000000000002
492,2018-01-22,4.63,4.6,4.64,4.53,4.620372863346181,4.4810101902741994,0.14,0.18,-0.07999999999999996
493,2018-01-23,4.6,4.78,4.8,4.56,4.644930884369845,4.503157583587222,0.14,0.17,-0.06
494,2018-01-24,4.77,4.77,4.83,4.71,4.664172286774485,4.522923688506687,0.14,0.16,-0.03999999999999998
495,2018-01-25,4.74,4.87,4.96,4.72,4.69583808880918,4.548633044913599,0.15,0.16,-0.020000000000000018
496,2018-01-26,4.87,4.88,4.91,4.83,4.724170690530844,4.573178745290369,0.15,0.16,-0.020000000000000018
497,2018-01-29,4.9,4.65,4.91,4.61,4.71275981506456,4.578869208602193,0.13,0.15,-0.03999999999999998
498,2018-01-30,4.61,4.53,4.66,4.53,4.684642920439243,4.575249267224253,0.11,0.14,-0.060000000000000026
499,2018-01-31,4.56,4.58,4.63,4.53,4.668544009602437,4.575601173355789,0.09,0.13,-0.08000000000000002
500,2018-02-01,4.59,4.43,4.61,4.35,4.631844931202062,4.56481590125536,0.07,0.12,-0.09999999999999998
501,2018-02-02,4.4,4.49,4.49,4.3,4.610022634094053,4.559273982643853,0.05,0.11,-0.12
502,2018-02-05,4.41,4.58,4.61,4.37,4.605403767310352,4.560809243188753,0.04,0.09,-0.09999999999999999
503,2018-02-06,4.5,4.41,4.58,4.41,4.575341649262605,4.549638188137734,0.03,0.08,-0.1
504,2018-02-07,4.51,4.36,4.53,4.23,4.542212164760666,4.535590914942346,0.01,0.07,-0.12000000000000001
505,2018-02-08,4.36,4.3,4.42,4.25,4.5049487547974865,4.518139736057727,-0.01,0.05,-0.12000000000000001
506,2018-02-09,4.1,4.03,4.18,3.91,4.431879715597873,4.481981237090488,-0.05,0.03,-0.16
507,2018-02-12,4.05,4.06,4.12,3.99,4.374667451659739,4.450723367676377,-0.08,0.01,-0.18
508,2018-02-13,4.12,4.14,4.18,4.09,4.338564766789009,4.4277068219225715,-0.09,-0.01,-0.16
509,2018-02-14,4.1,4.12,4.15,4.07,4.304939418052238,4.40491372400238,-0.1,-0.03,-0.14
510,2018-02-22,4.19,4.19,4.21,4.12,4.287256430659586,4.388994188891092,-0.1,-0.04,-0.12000000000000001
511,2018-02-23,4.21,4.19,4.23,4.16,4.272293902865805,4.374253878602863,-0.1,-0.05,-0.1
512,2018-02-26,4.22,4.32,4.35,4.21,4.279633302424912,4.370235072780429,-0.09,-0.06,-0.06
513,2018-02-27,4.32,4.29,4.34,4.25,4.281228178974926,4.364291734055953,-0.08,-0.07,-0.01999999999999999
514,2018-02-28,4.28,4.24,4.28,4.18,4.274885382209553,4.355084938940697,-0.08,-0.07,-0.01999999999999999
515,2018-03-01,4.19,4.23,4.25,4.18,4.267979938792699,4.345819387908054,-0.08,-0.07,-0.01999999999999999
516,2018-03-02,4.2,4.21,4.23,4.16,4.259059948209207,4.335758692507457,-0.08,-0.07,-0.01999999999999999
517,2018-03-05,4.21,4.23,4.23,4.16,4.2545891869462515,4.3279247152846825,-0.07,-0.07,0.0
518,2018-03-06,4.24,4.32,4.33,4.18,4.26465238895452,4.3273376993376695,-0.06,-0.07,0.020000000000000018
519,2018-03-07,4.32,4.34,4.42,4.29,4.276244329115363,4.32827564753488,-0.05,-0.07,0.04000000000000001
520,2018-03-08,4.33,4.35,4.36,4.31,4.287591355405307,4.329884858828592,-0.04,-0.06,0.039999999999999994
521,2018-03-09,4.35,4.33,4.37,4.28,4.294115762266029,4.329893387804252,-0.04,-0.06,0.039999999999999994
522,2018-03-12,4.35,4.34,4.36,4.31,4.301174875763563,4.330642025744678,-0.03,-0.05,0.04000000000000001
523,2018-03-13,4.33,4.27,4.33,4.27,4.296378741030707,4.3261500238376644,-0.03,-0.05,0.04000000000000001
524,2018-03-14,4.25,4.2,4.26,4.19,4.281551242410598,4.316805577627467,-0.04,-0.04,0.0
525,2018-03-15,4.17,4.2,4.23,4.17,4.269004897424352,4.308153312618026,-0.04,-0.04,0.0
526,2018-03-16,4.2,4.15,4.22,4.15,4.2506964516667605,4.296438252424098,-0.05,-0.04,-0.020000000000000004
527,2018-03-19,4.14,4.18,4.22,4.1,4.239820074487259,4.28781319668898,-0.05,-0.04,-0.020000000000000004
528,2018-03-20,4.14,4.19,4.2,4.12,4.232155447643065,4.280567774712018,-0.05,-0.05,0.0
529,2018-03-21,4.18,4.12,4.22,4.12,4.214900763390286,4.26867386547409,-0.05,-0.05,0.0
530,2018-03-22,4.11,4.09,4.16,4.08,4.195685261330242,4.255438764327861,-0.06,-0.05,-0.01999999999999999
531,2018-03-23,3.96,3.95,3.97,3.76,4.157887528817898,4.232813670673946,-0.07,-0.05,-0.04000000000000001
532,2018-03-26,3.85,3.91,3.91,3.81,4.1197509859228365,4.208901546920321,-0.09,-0.06,-0.06
533,2018-03-27,3.95,3.94,3.97,3.91,4.092096988088555,4.188982913815111,-0.1,-0.07,-0.06
534,2018-03-28,3.91,3.82,3.91,3.79,4.050235912998008,4.161650846125102,-0.11,-0.08,-0.06
535,2018-03-29,3.84,3.92,3.94,3.8,4.030199618690622,4.1437507834491685,-0.11,-0.08,-0.06
536,2018-03-30,3.92,3.9,3.93,3.86,4.010168908122834,4.125695169860341,-0.12,-0.09,-0.06
537,2018-04-02,3.9,3.98,4.03,3.88,4.005527537642398,4.114902935055871,-0.11,-0.09,-0.04000000000000001
538,2018-04-03,3.94,3.93,4.0,3.91,3.9939079164666444,4.101206421348029,-0.11,-0.1,-0.01999999999999999
539,2018-04-04,3.93,3.89,3.97,3.88,3.977922083164084,4.085561501248175,-0.11,-0.1,-0.01999999999999999
540,2018-04-09,3.88,3.86,3.89,3.81,3.959780224215763,4.068853241896458,-0.11,-0.1,-0.01999999999999999
541,2018-04-10,3.88,3.99,4.01,3.88,3.9644294204902617,4.063012261015239,-0.1,-0.1,0.0
542,2018-04-11,4.0,4.01,4.05,3.97,3.9714402788763747,4.059085426865962,-0.09,-0.1,0.020000000000000018
543,2018-04-12,4.0,4.04,4.08,4.0,3.981987928280009,4.057671691542557,-0.08,-0.09,0.01999999999999999
544,2018-04-13,4.04,4.01,4.08,4.0,3.986297477775392,4.054140455131996,-0.07,-0.09,0.03999999999999998
545,2018-04-16,4.04,3.97,4.07,3.94,3.9837901735022547,4.047907828825923,-0.06,-0.08,0.04000000000000001
546,2018-04-17,3.98,3.95,4.02,3.95,3.9785916852711387,4.04065539706104,-0.06,-0.08,0.04000000000000001
547,2018-04-18,4.0,4.04,4.05,3.95,3.9880391183063484,4.040606849130593,-0.05,-0.07,0.04000000000000001
548,2018-04-19,4.05,4.03,4.08,4.01,3.9944946385669104,4.039821156602401,-0.05,-0.07,0.04000000000000001
549,2018-04-20,4.02,3.96,4.02,3.94,3.9891877710950783,4.033908478335557,-0.04,-0.06,0.039999999999999994
550,2018-04-23,3.96,3.97,4.0,3.9,3.98623580631122,4.029174516977368,-0.04,-0.06,0.039999999999999994
551,2018-04-24,3.98,4.07,4.08,3.98,3.9991226053402635,4.032198626830897,-0.03,-0.05,0.04000000000000001
552,2018-04-25,4.05,4.06,4.07,4.02,4.008488358364838,4.034257987806386,-0.03,-0.05,0.04000000000000001
553,2018-04-26,4.09,4.03,4.11,4.02,4.011797841693324,4.03394258130221,-0.02,-0.04,0.04
554,2018-04-27,4.05,4.04,4.06,4.0,4.016136635278967,4.034391278983527,-0.02,-0.04,0.04
555,2018-05-02,4.05,4.08,4.08,4.03,4.025961768312971,4.037769702762525,-0.01,-0.03,0.039999999999999994
556,2018-05-03,4.06,4.14,4.16,4.04,4.043506111649437,4.045342317372707,-0.0,-0.03,0.06
557,2018-05-04,4.14,4.16,4.17,4.1,4.061428248318754,4.053835479048803,0.01,-0.02,0.06
