,date,open,close,high,low,volume,sema,lema,dif,dea,macd
0,2015-09-11,13.746,13.52,14.238,13.373,95788.0,13.52,13.52,0.0,0.0,0.0
1,2015-09-14,13.55,12.173,13.658,12.173,103574.0,12.790375,12.820596153846154,-0.030221153846154536,-0.01636979166666704,-0.027702724358974994
2,2015-09-15,11.622,10.954,11.996,10.954,86561.0,12.07363741339492,12.149946278955149,-0.07630886556022887,-0.03976402605006646,-0.07308967902032482
3,2015-09-16,10.983,11.848,12.045,10.718,86025.0,12.0024125,12.06553529428474,-0.06312279428473921,-0.04713747631035038,-0.031970635948777665
4,2015-09-17,11.78,11.347,11.927,11.308,89582.0,11.824339266178974,11.898903995870208,-0.07456472969123418,-0.0545893630295732,-0.039950733323321955
5,2015-09-18,11.416,11.504,11.691,11.19,46670.0,11.746479971511311,11.819807875138686,-0.07332790362737462,-0.05914381422579653,-0.028368178803156188
6,2015-09-21,11.396,12.025,12.055,11.288,60466.0,11.80863074140134,11.85630023085749,-0.047669489456151126,-0.05658335879904919,0.017827738685796124
7,2015-09-22,12.094,11.996,12.281,11.878,71288.0,11.84773181772861,11.878809325192737,-0.031077507464127407,-0.05126068074984485,0.04036634657143488
8,2015-09-23,11.799,11.681,11.976,11.553,56492.0,11.81474632970062,11.849489640703514,-0.03474331100289341,-0.047992957111584314,0.026499292217381815
9,2015-09-24,11.721,11.75,11.917,11.662,46636.0,11.802476925385651,11.83576103858805,-0.03328411320239866,-0.04520563690730345,0.02384304740980958
10,2015-09-25,12.134,11.514,12.222,11.357,102942.0,11.749692603710038,11.794028529949136,-0.0443359262390981,-0.045046500825227244,0.0014211491722582875
11,2015-09-28,11.494,11.524,11.622,11.317,43319.0,11.709565199687518,11.760851270364238,-0.05128607067672064,-0.04615587586119116,-0.010260389631058964
12,2015-09-29,11.386,11.258,11.465,11.209,39683.0,11.631156326293278,11.70194233474214,-0.07078600844886296,-0.05043260256441479,-0.04070681176889633
13,2015-09-30,11.337,11.278,11.426,11.229,30543.0,11.571025079574207,11.654328565311854,-0.08330348573764645,-0.05602946446041814,-0.054548042554456624
14,2015-10-08,11.868,11.701,11.898,11.593,60645.0,11.592798103838515,11.659377271308268,-0.06657916746975268,-0.05779672031909451,-0.01756489430131633
15,2015-10-09,12.094,12.871,12.871,12.094,93527.0,11.80403104523222,11.786122961972552,0.017908083259667862,-0.04528590462902431,0.12638797577738434
16,2015-10-12,13.569,13.333,13.972,13.274,242221.0,12.05385430448785,11.94314449000714,0.1107098144807086,-0.0197972517323159,0.261014132426049
17,2015-10-13,13.196,13.51,13.953,13.048,191945.0,12.289528717842412,12.097947051948143,0.19158166589426884,0.014414024351322227,0.35433528308589324
18,2015-10-14,13.294,13.599,13.962,13.245,167177.0,12.49978172304359,12.242670276214126,0.2571114468294642,0.05338231875067069,0.407458256157587
19,2015-10-15,13.392,13.815,14.061,13.323,162681.0,12.709548454812591,12.390952920071427,0.31859553474116353,0.09568169256184844,0.4458276843586302
20,2015-10-16,13.972,13.953,14.454,13.864,197365.0,12.906755578527239,12.535344285902971,0.3714112926242681,0.13941145554437354,0.4639996741597891
21,2015-10-19,13.943,13.53,13.982,13.323,124625.0,13.005132662846963,12.625629616420243,0.37950304642671995,0.17730912436726493,0.40438784411891004
22,2015-10-20,13.471,13.471,13.864,13.412,144597.0,13.078375279915075,12.701104103568968,0.37727117634610785,0.20874670934744838,0.33704893399731894
23,2015-10-21,13.599,12.242,13.717,12.163,173702.0,12.94732408812645,12.660729314753405,0.28659477337304473,0.22094468053811725,0.13130018566985496
24,2015-10-22,12.222,12.576,12.635,11.996,117930.0,12.889306478790887,12.653379927016358,0.23592655177452926,0.22328552612369595,0.025282051301666608
25,2015-10-23,12.743,12.92,12.93,12.566,103640.0,12.894090716747085,12.67621720189656,0.21787351485052575,0.22244194908422665,-0.009136868467401804
26,2015-10-26,13.097,13.205,13.333,12.891,119444.0,12.942454597605458,12.720991442816809,0.22146315478864942,0.22228969151828692,-0.0016530734592750118
27,2015-10-27,13.117,13.137,13.255,12.478,96171.0,12.972665686284703,12.755847145706069,0.21681854057863426,0.2214400727445666,-0.00924306433186467
28,2015-10-28,13.019,12.901,13.235,12.851,77720.0,12.961552725826188,12.767891947704268,0.19366077812192017,0.2171324295932745,-0.04694330294270865
29,2015-10-29,13.156,14.189,14.189,13.068,253361.0,13.151656878444806,12.884774707751875,0.26688217069293074,0.22483755271647485,0.08408923595291179
30,2015-10-30,14.11,13.795,14.208,13.432,215251.0,13.251193678888226,12.959031632251888,0.2921620466363386,0.2352538678859855,0.11381635750070618
31,2015-11-02,13.687,14.002,14.572,13.402,194607.0,13.367255781816475,13.043483884038418,0.32377189777805704,0.2489372751875205,0.14966924518107305
32,2015-11-03,14.071,13.795,14.228,13.579,102656.0,13.43332918123182,13.103919440934002,0.3294097402978178,0.2613678098461765,0.1360838609032825
33,2015-11-04,13.864,14.838,15.142,13.825,265961.0,13.650172711455728,13.242491922016509,0.4076807894392189,0.2839546128099892,0.2474523532584595
34,2015-11-05,14.7,14.533,14.867,14.356,223515.0,13.7863857949769,13.34501952019513,0.44136627478176926,0.30824195432921697,0.2662486409051046
35,2015-11-06,14.631,14.956,15.329,14.631,226714.0,13.966767370390695,13.472323783151749,0.4944435872389459,0.3369585548498257,0.3149700647782404
36,2015-11-09,14.857,15.3,15.487,14.602,178220.0,14.172305208082589,13.616040737563152,0.5562644705194373,0.3707678561665675,0.3709932287057396
37,2015-11-10,15.378,15.3,15.624,14.936,150813.0,14.346100882594149,13.74785566765363,0.5982452149405191,0.40582572934961797,0.3848389711818022
38,2015-11-11,15.319,15.093,15.319,14.897,119357.0,14.461178857403564,13.852708584394355,0.6084702730092086,0.4370480499375962,0.34284444614322485
39,2015-11-12,15.103,15.27,15.575,14.769,129823.0,14.585768998784319,13.96275885014073,0.6230101486435888,0.46569349816965616,0.31463330094786535
40,2015-11-13,15.044,14.484,15.133,14.257,104658.0,14.570095611481992,14.003088192025048,0.5670074194569441,0.48129679923797364,0.17142124043794094
41,2015-11-16,14.12,14.887,14.936,13.972,72742.0,14.61889391288597,14.071253212355357,0.5476407005306125,0.4915127186410901,0.1122559637790449
42,2015-11-17,14.906,14.621,15.133,14.366,97658.0,14.619218172446212,14.113519647629156,0.5056985248170562,0.49369680838821106,0.024003432857690354
43,2015-11-18,14.641,14.208,14.749,14.159,79674.0,14.5559131743596,14.120763273898126,0.43514990046147517,0.4846838022940705,-0.09906780366519063
44,2015-11-19,14.208,14.749,14.887,14.208,149293.0,14.585634994411855,14.168804352827097,0.4168306415847578,0.4742391775720564,-0.11481707197459723
45,2015-11-20,14.798,15.103,15.29,14.641,237729.0,14.665266233560729,14.240071291587585,0.4251949419731442,0.466690438844722,-0.08299099374315555
46,2015-11-23,15.172,14.857,15.398,14.739,148929.0,14.694775219554298,14.2870309864438,0.407744233110499,0.457618261357737,-0.09974805649447593
47,2015-11-24,14.857,14.956,15.024,14.454,96678.0,14.734976884999547,14.337848019620806,0.3971288653787415,0.4483091351102817,-0.10236053946308044
48,2015-11-25,15.015,14.936,15.083,14.7,106393.0,14.765912137356215,14.383199887875302,0.38271224948091387,0.43821449395047496,-0.11100448893912218
49,2015-11-26,14.887,14.906,15.201,14.838,124034.0,14.787469198476494,14.42276949473853,0.3646997037379638,0.42690185918007256,-0.12440431088421755
50,2015-11-27,14.769,13.677,14.847,13.432,150025.0,14.616593695776837,14.36641476166151,0.2501789341153273,0.3997082920821095,-0.29905871593356437
51,2015-11-30,13.766,13.284,13.766,12.783,97542.0,14.411544669334836,14.2847429695196,0.12680169981523548,0.3577155742482575,-0.46182774886604405
52,2015-12-01,13.323,13.363,13.618,13.028,70918.0,14.250207061225645,14.215290190998436,0.03491687022720846,0.3080471411041165,-0.5462605417538161
53,2015-12-02,13.373,13.294,13.668,13.028,66619.0,14.103080501621744,14.145959947634172,-0.04287944601242799,0.2540519098099484,-0.5938627116447528
54,2015-12-03,13.294,13.53,13.579,13.294,69970.0,14.014905253646056,14.099661453420598,-0.0847561997745423,0.20192225438763842,-0.5733569083243615
55,2015-12-04,13.471,13.579,13.717,13.422,71567.0,13.947837103578559,14.06056868832638,-0.11273158474782186,0.153509782351717,-0.5324827341990777
56,2015-12-07,13.677,13.707,13.805,13.52,56967.0,13.91078252846446,14.034048484364904,-0.1232659559004432,0.11092578167060979,-0.468383475142106
57,2015-12-08,13.668,13.146,13.668,13.127,57195.0,13.793116388178468,13.967500536270727,-0.17438414809225833,0.06702922680570024,-0.4828267497959171
58,2015-12-09,13.078,12.871,13.196,12.783,61346.0,13.651244891321575,13.885402624353683,-0.23415773303210763,0.020690342285521655,-0.5096961506352585
59,2015-12-10,12.783,12.881,13.038,12.753,50834.0,13.532740420795866,13.810260335667943,-0.2775199148720766,-0.025190193928307632,-0.504659441887538
60,2015-12-11,12.96,13.294,13.392,12.753,74192.0,13.496009746689037,13.77166590994969,-0.2756561632606527,-0.06372486628805793,-0.4238625939451895
61,2015-12-14,13.255,13.717,13.727,13.078,83430.0,13.530009326970742,13.767582005055091,-0.23757267808434968,-0.09047153291886877,-0.2942022903309618
62,2015-12-15,13.766,14.257,14.316,13.55,142519.0,13.641857051525594,13.804121652350995,-0.1622646008254005,-0.10151691710612133,-0.12149536743855835
63,2015-12-16,14.857,14.808,15.634,14.749,296594.0,13.821267738470741,13.879026751119317,-0.0577590126485763,-0.09478477872782154,0.07405153215849047
64,2015-12-17,14.916,15.064,15.172,14.759,228672.0,14.012460995739099,13.967396510570724,0.0450644851683748,-0.07326909339589592,0.23666715712854144
65,2015-12-18,14.956,14.592,14.956,14.562,119571.0,14.101622294099645,14.013953179437044,0.08766911466260119,-0.048508965982874755,0.27235616129095186
66,2015-12-21,14.316,14.552,14.759,14.307,97390.0,14.170912126428004,14.054039495515623,0.11687263091238087,-0.02306529288595656,0.27987584759667483
67,2015-12-22,14.661,14.621,14.808,14.385,65093.0,14.24015722180015,14.096261852235422,0.14389536956472782,0.0026212622816868297,0.282548214566082
68,2015-12-23,14.68,14.395,14.779,14.356,85866.0,14.263979422632675,14.11850047128111,0.1454789513515653,0.02459958506210615,0.2417587325789183
69,2015-12-24,14.395,14.621,14.7,13.962,76988.0,14.318906123696344,14.155893711404122,0.16301241229222185,0.045894043887721656,0.2342367368090004
70,2015-12-25,14.572,14.484,14.749,14.434,61853.0,14.344305360948269,14.180301261171621,0.16400409977664765,0.06406495003231587,0.19987829948866356
71,2015-12-28,14.484,14.002,14.946,13.972,117545.0,14.291642683055773,14.167041758728978,0.12460092432679559,0.07337823249551494,0.10244538366256131
72,2015-12-29,14.012,14.307,14.316,13.874,58462.0,14.29400535914657,14.177446820083086,0.1165585390634849,0.08002139017025413,0.07307429778646155
73,2015-12-30,14.307,14.464,14.621,14.061,83068.0,14.320158492701973,14.198744591985754,0.12141390071621849,0.08638949595916161,0.07004880951411377
74,2015-12-31,14.454,14.218,14.562,13.972,76003.0,14.304441744623553,14.20017537292863,0.10426637169492281,0.08913979448977749,0.03025315441029064
75,2016-01-04,14.228,12.96,14.228,12.792,65042.0,14.097603919595391,14.108044949091827,-0.010441029496435661,0.07381962079672724,-0.1685213005863258
76,2016-01-05,12.193,12.507,13.048,12.006,94952.0,13.852894990040593,13.989131631027673,-0.13623664098708055,0.04150318907281064,-0.3554796601197824
77,2016-01-06,12.714,12.704,12.763,12.37,61363.0,13.676141527021061,13.893700845564435,-0.2175593185433744,0.0016473312645465873,-0.43841329961584197
78,2016-01-07,12.488,11.485,12.488,11.445,17366.0,13.339042205016156,13.714869330794416,-0.37582712577825994,-0.056425769890309604,-0.6388027117759006
79,2016-01-08,11.898,11.563,11.996,11.219,84855.0,13.0658045136764,13.555133146080323,-0.48932863240392344,-0.12302631485118573,-0.7326046351054754
80,2016-01-11,11.406,10.403,11.406,10.403,80178.0,12.656141736522994,13.321182815895423,-0.6650410793724291,-0.20641331248900982,-0.9172555337668384
81,2016-01-12,10.324,10.511,10.718,10.0,74415.0,12.326119559891676,13.112642297455947,-0.7865227375642707,-0.29566101667940703,-0.9817234417697274
82,2016-01-13,10.629,10.629,10.895,10.423,90067.0,12.065023994618132,12.928358827500437,-0.8633348328823054,-0.3829955330183418,-0.9606785997279271
83,2016-01-14,10.197,10.983,11.013,10.177,51550.0,11.898558630688283,12.784033398927974,-0.8854747682396908,-0.4603000929674347,-0.8503493505445123
84,2016-01-15,10.993,10.56,11.131,10.324,49077.0,11.69262639340455,12.619052272905202,-0.9264258795006519,-0.5320118012749501,-0.7888281564514037
85,2016-01-18,10.088,10.619,10.806,10.088,45684.0,11.527453006923434,12.47070217075136,-0.943249163827927,-0.5952791242820169,-0.6959400790918202
86,2016-01-19,10.678,10.983,11.052,10.629,57530.0,11.44369096501326,12.360365597896367,-0.9166746328831064,-0.6447246112549113,-0.5439000432563901
87,2016-01-20,10.875,10.669,10.944,10.6,53977.0,11.324507690450218,12.234935671778798,-0.9104279813285796,-0.6856020696712145,-0.4496518233147302
88,2016-01-21,10.56,10.197,10.806,10.177,46495.0,11.15104490828095,12.083817295805583,-0.9327723875246328,-0.7236282856940925,-0.41828820366108044
89,2016-01-22,10.462,10.393,10.521,10.128,34897.0,11.03442258024669,11.958448528762897,-0.9240259485162063,-0.7544587044669568,-0.339134488098499
90,2016-01-25,10.472,10.452,10.61,10.324,35523.0,10.944819083964328,11.846758251758024,-0.9019391677936959,-0.777148012188889,-0.24958231120961383
91,2016-01-26,10.324,9.43,10.403,9.41,63134.0,10.711769944830563,11.667588364293657,-0.9558184194630943,-0.804635772968191,-0.30236529298980663
92,2016-01-27,9.557,9.292,9.557,8.564,80630.0,10.493343760379584,11.491481651866449,-0.9981378914868646,-0.8344053349913246,-0.32746511299107994
93,2016-01-28,9.144,9.361,9.518,8.948,49320.0,10.319137001631825,11.333554269760473,-1.014417268128648,-0.8620994827448826,-0.304635570767531
94,2016-01-29,9.341,9.695,9.813,9.203,53405.0,10.223115912153501,11.21209875333116,-0.9889828411776591,-0.8816200019282184,-0.21472567849888136
95,2016-02-01,9.587,9.41,9.685,9.066,44490.0,10.098021142873973,11.078527346721431,-0.9805062038474581,-0.8968332654114705,-0.16734587687197533
96,2016-02-02,9.41,9.695,9.784,9.341,59416.0,10.036017884435603,10.975985117877057,-0.9399672334414539,-0.9034692611018298,-0.0729959446792483
97,2016-02-03,9.538,9.567,9.666,9.39,27241.0,9.963861281228544,10.871560479832953,-0.9076991986044085,-0.9041200207681301,-0.007158355672556738
98,2016-02-04,9.636,9.734,9.784,9.518,40054.0,9.92849800487045,10.787255349939688,-0.8587573450692378,-0.897141147125259,0.07676760411204242
99,2016-02-05,9.754,9.469,9.813,9.459,34653.0,9.857806000191955,10.689562394791563,-0.8317563945996085,-0.8870819538698962,0.11065111854057541
100,2016-02-15,9.095,9.538,9.695,9.026,40186.0,9.80860507477154,10.604225556583117,-0.7956204818115769,-0.8730109575068457,0.1547809513905376
101,2016-02-16,9.587,9.902,9.961,9.498,50641.0,9.822973525378485,10.552188567700517,-0.729215042322032,-0.8508885081365045,0.24334693162894494
102,2016-02-17,9.882,10.58,10.619,9.705,132714.0,9.93943914078046,10.554249417499761,-0.614810276719302,-0.8145687790031729,0.39951700456774186
103,2016-02-18,10.423,10.462,10.659,10.334,115124.0,10.019833121412555,10.547413843270766,-0.5275807218582109,-0.770416768953639,0.4856720941908561
104,2016-02-19,10.344,10.423,10.58,10.275,56894.0,10.081858796536771,10.538195150861174,-0.456336354324403,-0.7220967039995753,0.5315206993503445
105,2016-02-22,10.718,10.649,10.718,10.423,74368.0,10.169111291157215,10.54640526943172,-0.37729397827450484,-0.6690501297289551,0.5835123029089004
106,2016-02-23,10.708,10.413,10.708,10.295,56703.0,10.206632631626857,10.536520775743288,-0.3298881441164312,-0.6168713618109598,0.5739664353890572
107,2016-02-24,10.383,10.383,10.501,10.138,44223.0,10.233766073311338,10.525146072763034,-0.2913799994516957,-0.5667957668704438,0.5508315348374961
108,2016-02-25,10.324,9.341,10.374,9.341,63096.0,10.096417444950587,10.437411597107307,-0.34099415215671947,-0.5320570564851564,0.38212580865687396
109,2016-02-26,9.518,9.233,9.518,8.928,65295.0,9.963583990492165,10.348177133561896,-0.3845931430697309,-0.5093703003378449,0.249554314536228
110,2016-02-29,9.253,8.378,9.253,8.309,67676.0,9.719647989796409,10.20220962765152,-0.4825616378551114,-0.5052458906886212,0.045368505667019665
111,2016-03-01,8.456,8.702,8.81,8.358,61875.0,9.56308675942474,10.091062923713622,-0.5279761642888818,-0.508742855884075,-0.03846661680961372
112,2016-03-02,8.663,9.105,9.194,8.663,54744.0,9.49261187291291,10.01800901443977,-0.5253971415268595,-0.5113050536915051,-0.028184175670708633
113,2016-03-03,9.184,9.253,9.39,9.076,54408.0,9.455748507651771,9.961332908173013,-0.5055844005212418,-0.5104249531990543,0.009681105355625164
114,2016-03-04,9.203,8.84,9.321,8.653,63859.0,9.361017967583338,9.878259306223047,-0.5172413386397086,-0.5114736278869887,-0.011535421505439736
115,2016-03-07,8.997,9.017,9.174,8.879,39045.0,9.308092126213534,9.814453854111184,-0.5063617278976498,-0.5106871817317642,0.008650907668228847
116,2016-03-08,8.977,8.967,9.046,8.555,52624.0,9.25561641431795,9.751671780962551,-0.49605536664460104,-0.5084361332495053,0.02476153320980856
117,2016-03-09,8.849,8.722,8.869,8.604,49432.0,9.17352158112036,9.675391119354238,-0.501869538233878,-0.5074258878597095,0.011112699251663027
118,2016-03-10,8.761,8.574,8.849,8.525,57589.0,9.08128749150276,9.593797997375296,-0.5125105058725357,-0.5082081367865786,-0.008604738171914095
119,2016-03-11,8.466,8.741,8.849,8.437,48020.0,9.028935569630102,9.530621613597056,-0.5016860439669539,-0.5072047378892776,0.01103738784464725
120,2016-03-14,8.889,9.056,9.194,8.859,66758.0,9.03309932815548,9.495461281779733,-0.4623619536242529,-0.5003058479908652,0.07588778873322455
121,2016-03-15,9.036,8.948,9.174,8.899,60228.0,9.020007123805424,9.454905203006254,-0.43489807920082946,-0.4902431143166843,0.11069007023170974
122,2016-03-16,8.967,8.682,9.066,8.545,58176.0,8.968006027773376,9.397648532680872,-0.42964250490749656,-0.4809199436272347,0.10255487743947633
123,2016-03-17,8.751,9.085,9.144,8.682,88238.0,8.98600510044178,9.374487721729672,-0.388482621287892,-0.46669881709914635,0.15643239162250866
124,2016-03-18,9.243,9.557,9.616,9.144,92343.0,9.073850469679552,9.38800804721509,-0.3141575775355374,-0.4432309340693322,0.25814671306758963
125,2016-03-21,9.833,10.079,10.374,9.833,119500.0,9.228488859071291,9.439195782411721,-0.21070692334042995,-0.40745800931597603,0.39350217195109216
126,2016-03-22,10.128,9.882,10.138,9.833,86397.0,9.329029034660218,9.471997961573903,-0.14296892691368512,-0.36676738122922176,0.44759690863107326
127,2016-03-23,10.079,9.941,10.079,9.734,72100.0,9.42317841399194,9.506740684034307,-0.08356227004236771,-0.32319736410102495,0.4792701881173145
128,2016-03-24,9.784,9.725,9.921,9.646,71390.0,9.46961250416734,9.52290882962491,-0.05329632545756979,-0.2816741273684814,0.45675560382182323
129,2016-03-25,9.518,9.803,9.843,9.518,37678.0,9.520902888160583,9.543657261066567,-0.022754372905984255,-0.24184031897489,0.4381718921378115
130,2016-03-28,9.813,9.774,10.01,9.744,58259.0,9.559840905378843,9.560720399924119,-0.0008794945452752501,-0.20476942289718372,0.40777985670381695
131,2016-03-29,9.754,9.459,9.803,9.39,50337.0,9.544326919931832,9.553185263638191,-0.008858343706359406,-0.17462925685983777,0.3315418263069567
132,2016-03-30,9.538,9.803,9.813,9.508,69705.0,9.584122778412782,9.571690722576209,0.012432055836573142,-0.1458505933616282,0.3165652983964027
133,2016-03-31,9.833,9.784,9.97,9.764,52896.0,9.614873120201267,9.587417857954211,0.027455262247055856,-0.11918815403215574,0.2932868325584232
134,2016-04-01,9.734,9.656,9.793,9.459,46587.0,9.62120033247901,9.592498172825207,0.028702159653802184,-0.0964357980768166,0.25027591546123756
135,2016-04-05,9.744,10.197,10.305,9.636,124539.0,9.709784896725045,9.637277360759283,0.07250753596576232,-0.07044451591288851,0.2859041037573017
136,2016-04-06,10.187,10.088,10.187,9.97,70700.0,9.767971835697113,9.670665103026336,0.09730673267077705,-0.044636631512434556,0.2838867283664232
137,2016-04-07,10.177,9.843,10.177,9.833,78703.0,9.779514630206371,9.68343096253191,0.09608366767446164,-0.02298735471234456,0.2381420447736124
138,2016-04-08,9.813,9.98,10.0,9.685,59376.0,9.810358533254083,9.705399535859208,0.10495899739487591,-0.003303300540382739,0.21652459587051728
139,2016-04-11,10.029,10.285,10.492,9.911,120220.0,9.883380297373925,9.748333801990992,0.13504649538293378,0.017981283449302225,0.23413042386726313
140,2016-04-12,10.226,10.147,10.226,9.98,65366.0,9.923937174703404,9.777865203655596,0.14607197104780845,0.037687543081002986,0.21676885593361092
141,2016-04-13,10.197,10.187,10.472,10.128,117204.0,9.964408378597206,9.808172028576093,0.15623635002111236,0.055925821072698514,0.2006210578968277
142,2016-04-14,10.187,10.541,10.57,10.177,106017.0,10.053114781893687,9.86245648374891,0.1906582981447773,0.07665389446927755,0.22800880735099952
143,2016-04-15,10.551,10.433,10.56,10.334,74669.0,10.111558661604438,9.904719616475395,0.20683904512904228,0.0966823791868795,0.22031333188432556
144,2016-04-18,10.256,10.187,10.374,10.029,54472.0,10.123165021357952,9.9256295723032,0.19753544905475273,0.11219823609009796,0.17067442592930954
145,2016-04-19,10.275,10.187,10.305,10.029,35536.0,10.132985787303134,9.944990600030646,0.1879951872724881,0.12385930550307145,0.1282717635388333
146,2016-04-20,10.246,9.449,10.246,9.253,106913.0,10.027757204638839,9.908250106990488,0.11950709764835032,0.12318973506386911,-0.007365274831037577
147,2016-04-21,9.449,9.321,9.548,9.213,47279.0,9.919025327000105,9.864749607276694,0.054275719723410276,0.11258757885745063,-0.11662371826808071
148,2016-04-22,9.194,9.272,9.39,9.184,49730.0,9.819482968998548,9.820841769336127,-0.0013588003375790692,0.09505736667332843,-0.192832334021815
149,2016-04-25,9.282,9.194,9.282,8.997,51560.0,9.723254819920587,9.774408595627163,-0.051153775706575644,0.07256334476843304,-0.24743424095001737
150,2016-04-26,9.144,9.233,9.292,9.125,46124.0,9.64783100147043,9.734303895288498,-0.086472893818069,0.048096231139469134,-0.2691382499150763
151,2016-04-27,9.194,9.115,9.341,9.105,47765.0,9.56585700124344,9.688429151465822,-0.12257215022238199,0.021839557083553385,-0.2888234146118708
152,2016-04-28,9.095,9.115,9.203,8.958,45169.0,9.496494385666976,9.645952591199299,-0.1494582055323228,-0.004513944857559857,-0.2898885213495259
153,2016-04-29,9.026,9.066,9.144,9.007,36229.0,9.430264480179305,9.602992833941535,-0.1727283537622295,-0.030393084689221337,-0.28467053814601634
154,2016-05-03,9.076,9.351,9.371,9.026,76747.0,9.418069944767035,9.584326574960809,-0.16625663019377335,-0.05129516861311738,-0.22992292316131194
155,2016-05-04,9.312,9.518,9.784,9.272,94651.0,9.433443799418335,9.579413465325146,-0.14596966590681149,-0.06586047588914037,-0.16021838003534222
156,2016-05-05,9.567,9.508,9.626,9.38,46123.0,9.444913984123254,9.574123549087687,-0.1292095649644338,-0.07560648959307133,-0.10720615074272496
157,2016-05-06,9.508,9.056,9.597,9.036,72494.0,9.3850810634887,9.535743825955066,-0.15066276246636612,-0.08715360849669491,-0.1270183079393424
158,2016-05-09,8.997,8.682,8.997,8.653,60817.0,9.276914746028584,9.472503235918058,-0.19558848988947375,-0.10383589794178641,-0.18350518389537468
159,2016-05-10,8.653,8.574,8.731,8.535,39308.0,9.168774015870074,9.405947141860496,-0.23717312599042195,-0.12434931764162706,-0.2256476166975898
160,2016-05-11,8.643,8.535,8.682,8.456,42346.0,9.071270321120629,9.341432270574275,-0.27016194945364624,-0.14678203022813835,-0.2467598384510158
161,2016-05-12,8.456,8.613,8.623,8.378,46701.0,9.000767194794253,9.287474116919107,-0.2867069221248535,-0.16830893667382485,-0.23679597090205728
162,2016-05-13,8.584,8.525,8.722,8.446,48899.0,8.927572241748873,9.230994351413553,-0.3034221096646803,-0.18909557867244906,-0.2286530619844625
163,2016-05-16,8.525,8.633,8.643,8.378,38255.0,8.882253435325913,9.1866983273575,-0.30444489203158653,-0.20684162688156957,-0.19520653030003393
164,2016-05-17,8.702,8.623,8.751,8.525,46635.0,8.842368291429576,9.144942768117849,-0.30257447668827275,-0.2215697576210781,-0.16200943813438928
165,2016-05-18,8.555,8.338,8.555,8.26,47870.0,8.764773169671109,9.085169060629724,-0.32039589095861487,-0.23677377813455908,-0.1672442256481116
166,2016-05-19,8.358,8.378,8.515,8.338,53438.0,8.705269605106277,9.032786030027836,-0.3275164249215585,-0.2507341853325697,-0.15356447917797766
167,2016-05-20,8.319,8.427,8.446,8.26,33333.0,8.66245889662836,8.98791288192474,-0.32545398529637914,-0.2622295391731632,-0.12644889224643185
168,2016-05-23,8.446,9.272,9.272,8.417,153665.0,8.75623445099328,9.008956419413664,-0.25272196842038497,-0.2607668359804273,0.016089735120084714
169,2016-05-24,9.577,9.803,10.108,9.498,348511.0,8.917275304686697,9.067774584733177,-0.15049928004648017,-0.24380259660596604,0.18660663311897174
170,2016-05-25,9.882,9.656,9.882,9.538,173945.0,9.030925257811866,9.111346921613336,-0.08042166380147009,-0.21866706848218756,0.27649080936143494
171,2016-05-26,9.587,9.587,9.616,9.223,150447.0,9.11647521814853,9.146580545791469,-0.030105327642939272,-0.18965756989152432,0.3191044844971701
172,2016-05-27,9.538,9.587,9.705,9.459,143097.0,9.1888636461257,9.179204262920893,0.009659383204807526,-0.15899342326131083,0.3373056129322367
173,2016-05-30,9.469,9.341,9.557,9.282,98048.0,9.212269239029444,9.191189150653107,0.021080088376336903,-0.13128980608628152,0.30473978892523684
174,2016-05-31,9.351,9.774,9.784,9.351,189747.0,9.298689356101855,9.234360385778247,0.06432897032360785,-0.10119460971552324,0.3310471600782622
175,2016-06-01,9.823,10.442,10.747,9.656,342576.0,9.474583301316985,9.32381528924269,0.1507680120742947,-0.062431129440160035,0.4263982830289095
176,2016-06-02,10.324,11.475,11.485,10.197,417207.0,9.782339716499031,9.483162498202367,0.29917721829666455,-0.006799075942179012,0.6119525884776871
177,2016-06-03,11.406,11.082,11.504,11.023,283667.0,9.982287452422282,9.601595038801417,0.38069241362086537,0.0528149993752197,0.6557548284912913
178,2016-06-06,11.121,11.18,11.298,10.934,177869.0,10.166550921280413,9.718514046443937,0.44803687483647536,0.11361836483080377,0.6688370200113432
179,2016-06-07,11.19,11.416,11.455,11.062,182579.0,10.358773856468058,9.844253867822047,0.5145199886460112,0.17529553772545645,0.6784489018411095
180,2016-06-08,11.207,11.049,11.307,10.959,169371.0,10.464962493934518,9.933494401648169,0.5314680922863495,0.23009131535021324,0.6027535538722726
181,2016-06-13,10.92,9.978,10.959,9.958,226318.0,10.390045187175357,9.936791115359629,0.45325407181572785,0.2644240471141407,0.3776600494031743
182,2016-06-14,9.958,9.908,10.077,9.69,133521.0,10.315884389148374,9.93465843851709,0.3812259506312845,0.28239357073216376,0.1976647597982415
183,2016-06-15,9.769,10.464,10.612,9.759,170952.0,10.338671406202472,9.973868952313632,0.36480245388884036,0.2950718604485761,0.13946118688052855
184,2016-06-16,10.454,10.87,11.019,10.196,240844.0,10.42041426678671,10.04024907343546,0.38016519335124954,0.30816314243360327,0.14400410183529255
185,2016-06-17,10.88,10.592,10.95,10.493,161037.0,10.446812071896447,10.0811195372482,0.3656925346482467,0.3170138181589333,0.09735743297862676
186,2016-06-20,10.612,10.761,10.791,10.444,109713.0,10.495148676220074,10.131481081312176,0.36366759490789846,0.3241913222741589,0.07895254526747908
187,2016-06-21,10.831,10.255,10.92,10.116,125581.0,10.45820272603237,10.140630635606,0.3175720904263706,0.3231729789129607,-0.011201776973180255
188,2016-06-22,10.206,10.553,10.592,10.017,117105.0,10.47278692202739,10.171176529168482,0.3016103928589082,0.319855657981568,-0.03649053024531956
189,2016-06-23,10.444,10.275,10.543,10.166,97417.0,10.442358164792408,10.178867160068702,0.263491004723706,0.3111841728649737,-0.09538633628253534
190,2016-06-24,10.374,10.682,11.069,9.997,252093.0,10.47922613943973,10.216136274719009,0.2630898647207207,0.3037850485350885,-0.08139036762873553
191,2016-06-27,10.473,10.979,11.078,10.444,186920.0,10.556114425679771,10.272644720428751,0.28346970525102044,0.30065961110677025,-0.03437981171149962
192,2016-06-28,10.84,11.069,11.108,10.761,148183.0,10.635019898652116,10.331634021289396,0.3033858773627198,0.3010790366846086,0.004613681356222421
193,2016-06-29,11.098,10.811,11.257,10.741,130210.0,10.662093760397944,10.36714262394961,0.2949511364483346,0.3001362828021049,-0.01037029270754064
194,2016-06-30,10.88,10.612,10.89,10.592,91479.0,10.65438702802903,10.385280212868157,0.26910681516087287,0.29536251854960766,-0.05251140677746957
195,2016-07-01,10.632,10.622,10.959,10.464,101130.0,10.649404408332254,10.402815016844938,0.24658939148731562,0.2878589605400242,-0.08253913810541713
196,2016-07-04,10.563,10.94,10.989,10.464,153815.0,10.694111422434984,10.442606507437468,0.2515049149975166,0.28226603045656146,-0.061522230918089726
197,2016-07-05,10.87,10.811,10.95,10.662,108861.0,10.712094280521908,10.469894920871662,0.24219935965024675,0.27610192725558996,-0.06780513521068643
198,2016-07-06,10.731,10.771,10.989,10.662,88666.0,10.721156698903153,10.49219900578512,0.2289576931180335,0.2688489681575043,-0.07978255007894164
199,2016-07-07,10.721,10.632,10.88,10.513,101686.0,10.707440283687284,10.50255463712628,0.20488564656100294,0.2590084571426579,-0.10824562116330994
200,2016-07-08,10.523,10.305,10.583,10.216,133483.0,10.64552639388924,10.487920957501979,0.15760543638726077,0.24340799241105832,-0.1716051120475951
201,2016-07-11,10.384,10.295,10.543,10.255,83432.0,10.591599256367818,10.473630513673632,0.11796874269418645,0.2241096463007703,-0.2122818072131677
202,2016-07-12,10.374,10.404,10.424,10.097,104158.0,10.562737832311232,10.468472696999811,0.09426513531142078,0.2041335676870242,-0.21973686475120685
203,2016-07-13,10.434,10.979,10.999,10.424,207640.0,10.626778165801813,10.50628954000341,0.12048862579840325,0.1912651150887748,-0.14155297858074312
204,2016-07-14,10.92,10.88,10.979,10.731,118322.0,10.665735371063072,10.533971800192877,0.13176357087019497,0.18211103136283943,-0.10069492098528893
205,2016-07-15,10.88,10.93,10.989,10.662,113722.0,10.7063914678226,10.563307226221124,0.1430842416014766,0.17610690986109132,-0.06604533651922945
206,2016-07-18,10.89,10.721,10.93,10.652,69166.0,10.708638934311432,10.574988173835479,0.1336507604759536,0.1695751945710701,-0.071848868190233
207,2016-07-19,10.662,10.791,10.84,10.543,68918.0,10.72130986749429,10.590989051634164,0.13032081586012545,0.16353605938477092,-0.06643048704929094
208,2016-07-20,10.801,11.088,11.118,10.771,148315.0,10.777723734033628,10.627804681245026,0.1499190527886025,0.1614411352930527,-0.023044165008900386
209,2016-07-21,11.098,10.9,11.217,10.831,152381.0,10.796535467259224,10.647967299379102,0.1485681678801214,0.15946067876798636,-0.02178502177572994
210,2016-07-22,10.811,11.029,11.098,10.811,117216.0,10.832299241527036,10.676191946371128,0.15610729515590727,0.15894477359689727,-0.005674956881979998
211,2016-07-25,11.287,12.12,12.13,11.257,466340.0,11.030407050522875,10.783140699861246,0.24726635066162928,0.17253270852993297,0.14946728426339262
212,2016-07-26,11.902,11.941,11.991,11.664,293913.0,11.170498273519357,10.868908061944296,0.3015902115750606,0.19238770899841412,0.21840500515329297
213,2016-07-27,11.921,11.108,11.921,10.91,255883.0,11.160883154516378,10.886618577120432,0.2742645773959467,0.20498415029034223,0.1385608542112089
214,2016-07-28,11.118,11.644,11.753,10.94,219310.0,11.23520882305232,10.942720908396025,0.2924879146562951,0.2184462678851042,0.14808329354238176
215,2016-07-29,11.654,11.257,11.654,11.207,118323.0,11.2385613118135,10.9660008425117,0.27256046930179956,0.22677152964151887,0.09157787932056138
216,2016-08-01,11.029,10.543,11.207,10.335,124101.0,11.131551879226807,10.934667445020034,0.1968844342067726,0.22217351495925022,-0.050578161504955255
217,2016-08-02,10.523,10.682,10.711,10.444,53527.0,11.06239005165345,10.915951337013597,0.14643871463985292,0.21052200721780448,-0.12816658515590312
218,2016-08-03,10.612,10.711,10.781,10.503,65508.0,11.008330043706765,10.900769755767106,0.1075602879396591,0.19468174271347444,-0.17424290954763066
219,2016-08-04,10.711,10.761,10.781,10.523,65921.0,10.970279267751879,10.890416440066057,0.07986282768582242,0.1770172942476818,-0.19430893312371877
220,2016-08-05,10.751,10.384,10.751,10.354,88058.0,10.880082457328513,10.852904109632261,0.027178347696251492,0.15396514862438485,-0.2535736018562667
221,2016-08-08,10.345,10.543,10.592,10.116,64153.0,10.828223617739512,10.829948248786893,-0.0017246310473808535,0.13001287482872856,-0.2634750117522188
222,2016-08-09,10.513,10.583,10.662,10.473,66838.0,10.790496907318047,10.811655785269954,-0.02115887795190652,0.10675568209324623,-0.2558291200903055
223,2016-08-10,10.612,10.622,10.662,10.503,66242.0,10.764574306192195,10.797607208125452,-0.033032901933257364,0.08524974608916874,-0.2365652960448522
224,2016-08-11,10.632,10.404,10.662,10.275,73114.0,10.709101336008779,10.768451117754877,-0.059349781746098174,0.06300366488374305,-0.24470689325968245
225,2016-08-12,10.315,10.602,10.801,10.315,60772.0,10.692624207392043,10.756121404984095,-0.06349719759205108,0.04354199373362087,-0.2140783826513439
226,2016-08-15,10.672,10.771,10.87,10.464,92067.0,10.704682021639421,10.757223523161933,-0.052541501522512135,0.028759917540369634,-0.16260283812576354
227,2016-08-16,10.771,11.118,11.247,10.731,134671.0,10.768269402925663,10.78394770727158,-0.01567830434591677,0.021923268019402493,-0.07520314473063852
228,2016-08-17,11.069,10.979,11.088,10.88,81011.0,10.800689494783255,10.798396025571927,0.002293469211327448,0.018903298972006332,-0.03321965952135777
229,2016-08-18,10.959,11.009,11.118,10.92,73917.0,10.832737264816602,10.81399632029439,0.018740944522212644,0.018878321364345762,-0.00027475368426623653
230,2016-08-19,11.029,10.979,11.207,10.801,83888.0,10.855239224075586,10.826218815319818,0.029020408755767946,0.020438642501487636,0.01716353250856062
231,2016-08-22,10.989,10.702,11.069,10.682,53801.0,10.831663958833188,10.817017421430414,0.014646537402773774,0.01954754940937781,-0.009802024013208073
232,2016-08-23,10.711,10.652,10.781,10.493,40741.0,10.804023349781927,10.804793908532584,-0.0007705587506574574,0.01642168661552623,-0.03438449073236737
233,2016-08-24,10.672,11.128,11.158,10.583,143620.0,10.853865911353939,10.828735100854532,0.02513081049940702,0.017761551828430967,0.014738517341952105
234,2016-08-25,11.019,11.088,11.188,10.811,100151.0,10.88988654037641,10.847939908467069,0.041946631909340226,0.021482333379340083,0.04092859706000029
235,2016-08-26,11.108,10.95,11.356,10.92,121873.0,10.899134764933885,10.855499915345124,0.04363484958876107,0.024890412796174086,0.03748887358517397
236,2016-08-29,10.979,10.91,11.009,10.791,67268.0,10.900806339559443,10.85953695870127,0.04126938085817322,0.027410254036481646,0.02771825364338315
237,2016-08-30,10.92,11.297,11.376,10.92,160117.0,10.961759210396451,10.891941628786647,0.06981758160980434,0.033934458278531296,0.07176624666254608
238,2016-08-31,11.277,11.426,11.723,11.207,187389.0,11.033180870335459,10.931501508542205,0.10167936179325388,0.04435675112695015,0.11464522133260745
239,2016-09-01,11.436,11.396,11.574,11.267,87205.0,11.088999197976158,10.965908804533047,0.12309039344311046,0.05646961917559021,0.1332415485350405
240,2016-09-02,11.297,11.267,11.356,11.088,82357.0,11.116383936749056,10.988211856245561,0.1281720805034947,0.06750076707219091,0.1213426268626076
241,2016-09-05,11.406,11.683,11.773,11.307,154081.0,11.203555638787662,11.039677645091546,0.16387799369611677,0.08232803270664105,0.16309992197895146
242,2016-09-06,11.654,11.654,11.683,11.356,120594.0,11.272854771281867,11.085183005058024,0.1876717662238434,0.09853476094005681,0.1782740105675732
243,2016-09-07,11.624,11.495,11.842,11.426,113222.0,11.307030960315426,11.115539819710428,0.19149114060499883,0.11283574242697098,0.15731079635605572
244,2016-09-08,11.555,11.356,11.555,11.237,89752.0,11.314564658728436,11.133351685032379,0.1812129736960575,0.1233553164683689,0.11571531445537717
245,2016-09-09,11.356,11.029,11.366,11.009,83839.0,11.270631634308677,11.125621930539198,0.1450097037694782,0.12668676066853957,0.036645886201877254
246,2016-09-12,10.821,10.553,10.831,10.414,101619.0,11.160226767491956,11.083205491004565,0.07702127648739143,0.11904591694836293,-0.084049280921943
247,2016-09-13,10.622,10.959,11.078,10.622,96150.0,11.129268803262425,11.074005084216203,0.05526371904622174,0.10923327111726429,-0.1079391041420851
248,2016-09-14,11.108,12.06,12.06,11.069,295396.0,11.272458218145129,11.14704174499219,0.12541647315293858,0.11172299450736801,0.02738695729114113
249,2016-09-19,12.497,12.308,12.864,12.011,605601.0,11.431772338430493,11.233038653149462,0.19873368528103086,0.12510925462639308,0.14724886130927556
250,2016-09-20,12.199,12.388,12.407,11.951,310327.0,11.578884286364264,11.318591345857797,0.2602929405064671,0.14590674476178908,0.22877239148935608
251,2016-09-21,12.249,11.981,12.298,11.951,213614.0,11.640748242308224,11.36765865375739,0.27308958855083354,0.1654733361139498,0.2152325048737675
252,2016-09-22,12.05,12.05,12.13,11.912,154816.0,11.703710051183881,11.41820245735956,0.28550759382432034,0.18394014499246833,0.20313489766370402
253,2016-09-23,11.981,12.11,12.378,11.961,222397.0,11.766216197155591,11.469446719943333,0.29676947721225844,0.20129850379551295,0.19094194683349097
254,2016-09-26,12.001,11.217,12.001,11.188,220020.0,11.681721397593194,11.450746962854419,0.23097443473877455,0.20586403163293782,0.05022080621167346
255,2016-09-27,11.029,11.247,11.326,10.93,116430.0,11.614841182578855,11.435654595193666,0.179186587385189,0.20175980944097646,-0.045146444111574924
256,2016-09-28,11.316,11.168,11.436,11.108,88259.0,11.54609638525903,11.415828328832053,0.1302680564269778,0.1907610782080536,-0.12098604356215159
257,2016-09-29,11.326,10.959,11.326,10.94,102387.0,11.455773864449949,11.381989193282458,0.07378467116749121,0.1727647078941209,-0.1979600734532594
258,2016-09-30,11.009,11.257,11.326,10.86,140877.0,11.425193269919188,11.372730734500387,0.05246253541880108,0.1542566813594563,-0.20358829188131045
259,2016-10-10,11.316,11.505,11.545,11.188,133117.0,11.437471228393159,11.382528457890723,0.05494277050243568,0.1389776181506839,-0.16806969529649646
260,2016-10-11,11.604,11.693,11.713,11.376,152934.0,11.476783347101906,11.40552634994228,0.07125699715962597,0.12855906107513654,-0.11460412783102114
261,2016-10-12,11.594,11.545,11.604,11.426,71590.0,11.487278216778536,11.415857731446113,0.07142048533242296,0.1197685109608729,-0.0966960512568999
262,2016-10-13,11.545,11.674,11.783,11.455,131229.0,11.516004644966454,11.434979380999604,0.0810252639668505,0.113808011423331,-0.06556549491296099
263,2016-10-14,11.614,11.525,11.664,11.346,100279.0,11.517388545740847,11.441647575009638,0.07574097073120889,0.10795154362454297,-0.06442114578666816
264,2016-10-17,11.545,11.316,11.545,11.207,86460.0,11.486405692549946,11.432340347218219,0.054065345331727244,0.09966135927180209,-0.09119202788014968
265,2016-10-18,11.247,11.555,11.574,11.237,93530.0,11.496958662926877,11.441426247435963,0.05553241549091403,0.09287229099781931,-0.07467975101381055
266,2016-10-19,11.555,11.535,11.584,11.386,75267.0,11.502811176322743,11.448357636523035,0.054453539799707684,0.08696171389041751,-0.06501634818141966
267,2016-10-20,11.485,11.674,11.812,11.426,150341.0,11.529147918426936,11.465071885687907,0.06407603273902929,0.08344083986712701,-0.03872961425619545
268,2016-10-21,11.703,11.614,11.703,11.436,111211.0,11.542202084822792,11.476103597870436,0.06609848695235598,0.08077278557254686,-0.029348597240381746
269,2016-10-24,11.644,11.564,11.644,11.445,94342.0,11.545555610234672,11.48261444247878,0.06294116775589131,0.07802945975459985,-0.030176583997417072
270,2016-10-25,11.584,11.505,11.614,11.386,83184.0,11.539316285583185,11.484272631926247,0.05504365365693786,0.07449318189342108,-0.03889905647296643
271,2016-10-26,11.505,11.445,11.535,11.326,58653.0,11.524806087801158,11.481363548077502,0.04344253972365664,0.06971616002114962,-0.05254724059498597
272,2016-10-27,11.356,11.346,11.426,11.207,70888.0,11.497297458908672,11.471336618582756,0.025960840325916834,0.0629845723757292,-0.07404746409962473
273,2016-10-28,11.336,11.158,11.396,10.959,105695.0,11.4450978498458,11.448126498671607,-0.003028648825807778,0.05282869219087735,-0.11171468203337026
274,2016-10-31,11.039,11.723,11.783,11.019,148633.0,11.4878520267926,11.468487498783109,0.01936452800949162,0.047680359239894936,-0.05663166246080663
275,2016-11-01,11.713,11.683,11.733,11.555,83346.0,11.51787479190143,11.484377313697529,0.03349747820390192,0.04549837754204986,-0.024001798676295885
276,2016-11-02,11.604,11.713,11.802,11.535,130957.0,11.547894054685825,11.501312327507053,0.04658172717877207,0.045665046716930204,0.0018333609236837328
277,2016-11-03,11.584,11.644,11.812,11.525,81370.0,11.56267958473416,11.51188178473415,0.05079780000001044,0.046454701068173315,0.00868619786367425
278,2016-11-04,11.555,11.426,11.743,11.416,52346.0,11.54165195631352,11.505520171047129,0.0361317852663916,0.04486656017559151,-0.01746954981839982
279,2016-11-07,11.406,11.683,11.882,11.336,73072.0,11.563397809188364,11.518666825049394,0.0447309841389707,0.04484570232380369,-0.0002294363696659918
280,2016-11-08,11.703,11.783,11.822,11.644,73852.0,11.597182761620925,11.538247060238858,0.05893570138206705,0.047013394486613444,0.023844613790907215
281,2016-11-09,11.793,11.584,11.793,11.188,88129.0,11.595154644448474,11.541636166889104,0.053518477559370226,0.048014176497806794,0.011008602123126862
282,2016-11-10,11.693,11.664,11.693,11.525,59012.0,11.605746237610246,11.550700154530098,0.05504608308014802,0.04909600827970545,0.011900149600885146
283,2016-11-11,11.703,11.614,11.703,11.465,58086.0,11.60701604720867,11.555389031973823,0.05162701523484792,0.04948539396511198,0.0042832425394718765
284,2016-11-14,11.594,11.555,11.634,11.237,112003.0,11.599013578407337,11.55536021479057,0.04365336361676775,0.04858815852690518,-0.00986958982027486
285,2016-11-15,11.465,11.475,11.594,11.356,67401.0,11.57993456634467,11.549407606285921,0.030526960058748998,0.0458095126087273,-0.030565105099956608
286,2016-11-16,11.495,11.455,11.555,11.416,59919.0,11.560713863830108,11.542414450262957,0.018299413567151035,0.04157718967925403,-0.04655555222420599
287,2016-11-17,11.436,11.465,11.545,11.366,36912.0,11.545988654010092,11.536680046538418,0.009308607471673724,0.03661279241654937,-0.05460836988975129
288,2016-11-18,11.475,11.555,11.664,11.475,72956.0,11.547375014931616,11.538037080128461,0.009337934803154369,0.03241666047602706,-0.04615745134574538
289,2016-11-21,11.574,11.555,11.703,11.475,62820.0,11.548548089557519,11.539293592711793,0.009254496845725768,0.028853250686749935,-0.039197507682048334
290,2016-11-22,11.545,11.604,11.614,11.475,52910.0,11.557079152702517,11.544086659919227,0.012992492783290288,0.02641313408621768,-0.026841282605854784
291,2016-11-23,11.614,11.436,11.654,11.376,71662.0,11.538451590748283,11.53608024066456,0.0023713500837221346,0.02271439808583375,-0.04068609600422323
292,2016-11-24,11.376,11.356,11.416,11.217,64863.0,11.510382115248547,11.522740963576148,-0.012358848327600924,0.017318514022228414,-0.059354724699658676
293,2016-11-25,11.326,11.277,11.376,11.088,39841.0,11.474477174441079,11.50453792923446,-0.03006075479338044,0.010029395742903973,-0.08018030107256882
294,2016-11-28,11.217,11.297,11.376,11.217,29455.0,11.447172993757835,11.489164749289044,-0.0419917555312086,0.0020261417007328055,-0.08803579446388281
295,2016-11-29,11.247,11.227,11.396,11.168,51359.0,11.413300225487397,11.469745138228115,-0.05644491274071761,-0.006969405136413417,-0.09895101520860838
296,2016-11-30,11.207,11.217,11.316,11.108,41499.0,11.383100190797029,11.45102327613493,-0.0679230853379007,-0.016346894398180697,-0.10315238187944001
297,2016-12-01,11.297,11.188,11.297,11.088,47787.0,11.353084776828256,11.431540070493169,-0.07845529366491277,-0.025902032746908714,-0.10510652183600812
298,2016-12-02,11.188,10.959,11.217,10.831,59246.0,11.29245634962391,11.396537102304938,-0.10408075268102834,-0.03792952812138866,-0.13230244911927935
299,2016-12-05,10.91,10.811,10.91,10.741,44416.0,11.21838614198946,11.35316398361161,-0.13477784162214945,-0.05282926865996725,-0.16389714592436438
300,2016-12-06,10.85,10.622,10.85,10.602,70859.0,11.126634427837237,11.299003688524557,-0.1723692606873204,-0.07122003666417544,-0.2022984480462899
301,2016-12-07,10.692,10.741,10.801,10.563,40689.0,11.067306054323817,11.257670081963854,-0.19036402764003668,-0.08954988142969257,-0.20162829242068822
302,2016-12-08,10.761,10.632,10.791,10.592,31212.0,11.000335892120154,11.211324149963074,-0.21098825784292075,-0.10823270857018923,-0.20551109854546304
303,2016-12-09,10.642,10.632,10.751,10.543,38027.0,10.943668831793977,11.168411249962848,-0.22474241816887108,-0.12615727927767875,-0.19717027778238466
304,2016-12-12,10.612,10.116,10.622,10.097,55402.0,10.816335165364134,11.090454861071727,-0.27411969570759354,-0.1489207279592041,-0.25039793549677886
305,2016-12-13,10.116,10.136,10.265,10.067,33145.0,10.711668216846574,11.019754500988153,-0.308086284141579,-0.17340773660264638,-0.26935709507786526
306,2016-12-14,10.196,9.829,10.196,9.819,44757.0,10.575873106562486,10.931550463873085,-0.3556773573105989,-0.20144921671156216,-0.3084562811980735
307,2016-12-15,9.809,10.017,10.166,9.789,41445.0,10.489892628629796,10.863805985064232,-0.3739133564344357,-0.22798216128431195,-0.29186239030024747
308,2016-12-16,10.047,10.146,10.166,9.938,21427.0,10.43698607037906,10.81063517135327,-0.37364910097421067,-0.2503924596981425,-0.24651328255213634
309,2016-12-19,10.146,10.047,10.196,10.027,20860.0,10.376988213397665,10.754069603102419,-0.37708138970475424,-0.26988306431454434,-0.2143966507804198
310,2016-12-20,10.047,10.116,10.156,10.007,19265.0,10.336836180567255,10.706805188055892,-0.3699690074886366,-0.28528090172594317,-0.16937621152538684
311,2016-12-21,10.067,10.156,10.166,10.067,19736.0,10.309015229710754,10.666004803753934,-0.35698957404317966,-0.2963130051593642,-0.1213531377676309
312,2016-12-22,10.136,10.186,10.315,10.116,28737.0,10.290089809755255,10.630448892363525,-0.34035908260826986,-0.30308932476688816,-0.0745395156827634
313,2016-12-23,10.156,10.196,10.285,10.146,24159.0,10.275614454408291,10.59826749292816,-0.32265303851986893,-0.30609912688273133,-0.033107823274275194
314,2016-12-26,10.216,10.216,10.216,9.928,22359.0,10.266442999883939,10.569951382340053,-0.3035083824561138,-0.30570055081709785,0.004384336721968141
315,2016-12-27,10.196,10.116,10.245,10.087,22165.0,10.24329792297872,10.536325354017647,-0.2930274310389276,-0.3037508400819947,0.021446818086134245
316,2016-12-28,10.146,10.087,10.186,10.027,19314.0,10.219252088674303,10.503041994459938,-0.28378990578563545,-0.30067992711332403,0.03378004265537715
317,2016-12-29,10.077,10.106,10.166,10.067,13650.0,10.201828690416717,10.473631476351104,-0.271802785934387,-0.29623729000887217,0.04886900814897033
318,2016-12-30,10.087,10.622,10.672,10.047,74156.0,10.266470430352607,10.484621737362373,-0.21815130700976582,-0.2842240618551635,0.13214550969079542
319,2017-01-03,10.632,10.533,10.771,10.414,56784.0,10.307474979529127,10.488205312372639,-0.18073033284351148,-0.2683019496995247,0.17514323371202645
320,2017-01-04,10.493,10.473,10.533,10.325,54620.0,10.332940367293876,10.487078992937608,-0.15413862564373204,-0.2507383613832489,0.1931994714790337
321,2017-01-05,10.473,10.473,10.493,10.414,41641.0,10.354488003094819,10.486036104571841,-0.13154810147702278,-0.23240139832075257,0.20170659368745958
322,2017-01-06,10.473,10.186,10.473,10.166,37183.0,10.328566771849461,10.463811207936535,-0.13524443608707415,-0.2174541733617251,0.1644194745493019
323,2017-01-09,10.166,10.176,10.265,10.106,41559.0,10.305094960795698,10.44249185920018,-0.13739689840448222,-0.20513766952214924,0.13548154223533404
324,2017-01-10,10.216,10.067,10.235,10.067,43866.0,10.26846496682713,10.414677647407192,-0.14621268058006187,-0.19607228660798193,0.09971921205584011
325,2017-01-11,10.057,9.888,10.077,9.878,49931.0,10.209931895007571,10.375664488339497,-0.16573259333192603,-0.19140464148858868,0.051344096313325316
326,2017-01-12,9.888,9.839,9.958,9.809,29595.0,10.15286544962179,10.335911563276845,-0.1830461136550543,-0.1901187141295834,0.01414520094905819
327,2017-01-13,9.829,10.097,10.136,9.66,54929.0,10.144270765064592,10.318214410441332,-0.17394364537674,-0.18763024201376136,0.027373193274042695
328,2017-01-16,10.007,10.275,10.315,9.759,147393.0,10.164382955054656,10.315013343001201,-0.1506303879465456,-0.18193795677265126,0.06261513765221133
329,2017-01-17,10.166,10.275,10.325,10.057,37927.0,10.181400961969324,10.31204939166775,-0.13064842969842694,-0.17404726029969367,0.08679766120253346
330,2017-01-18,10.235,10.255,10.335,10.146,30471.0,10.19272389089712,10.307823510803436,-0.11509961990631545,-0.16497839254686622,0.09975754528110153
331,2017-01-19,10.275,10.037,10.275,9.997,23308.0,10.168766369220641,10.287762510003022,-0.11899614078238052,-0.15790419996771457,0.0778161183706681
332,2017-01-20,10.037,10.057,10.146,9.928,22605.0,10.151571543186698,10.270668990743411,-0.11909744755671348,-0.1519339303660221,0.06567296561861724
333,2017-01-23,10.057,10.057,10.136,9.987,34485.0,10.137022075004129,10.254841658095643,-0.11781958309151364,-0.14668556924686693,0.05773197231070659
334,2017-01-24,10.017,9.859,10.077,9.849,38525.0,10.094249448080417,10.225520053792076,-0.13127060571165927,-0.14431403639529652,0.026086861367274505
335,2017-01-25,9.878,9.829,9.888,9.759,44209.0,10.053441840683428,10.196148197955452,-0.14270635727202396,-0.14406670114556228,0.002720687747076622
336,2017-01-26,9.829,9.789,9.859,9.779,37080.0,10.012758480578285,10.165989072180809,-0.15323059160252406,-0.1454765304466333,-0.015508122311781503
337,2017-02-03,9.859,9.918,9.968,9.819,28402.0,9.99818025279701,10.147619511278434,-0.14943925848142392,-0.14608618091352418,-0.006706155135799474
338,2017-02-06,9.928,10.017,10.027,9.849,33073.0,10.001075598520547,10.13794399192443,-0.13686839340388346,-0.14466805975819486,0.015599332708622793
339,2017-02-07,10.017,9.978,10.047,9.928,30113.0,9.997525506440462,10.126096288818864,-0.12857078237840192,-0.14219155554591903,0.027241546335034228
340,2017-02-08,9.978,10.037,10.047,9.878,34031.0,10.003598505449624,10.119496563721144,-0.11589805827152055,-0.1381464021190885,0.04449668769513587
341,2017-02-09,10.047,10.176,10.186,10.017,48397.0,10.030121812303529,10.123682003445518,-0.09356019114198943,-0.13128698504568864,0.07545358780739841
342,2017-02-10,10.136,10.087,10.216,10.067,28366.0,10.038872302718369,10.120964818005099,-0.08209251528673,-0.12371860508277194,0.08325217959208386
343,2017-02-13,10.077,10.136,10.206,10.027,27401.0,10.05381502537708,10.12207853518991,-0.06826350981283014,-0.11518705196431936,0.09384708430297845
344,2017-02-14,10.196,10.235,10.285,10.146,55876.0,10.081689636857531,10.13044308813883,-0.048753451281298155,-0.10496649801308532,0.11242609346357432
345,2017-02-15,10.235,10.206,10.473,10.176,76908.0,10.100814308110218,10.136039896424858,-0.03522558831464018,-0.09423712729024761,0.11802307795121486
346,2017-02-16,10.235,10.245,10.275,10.116,49830.0,10.122996722247109,10.144111015208221,-0.021114292961112113,-0.08298746047038061,0.12374633501853699
347,2017-02-17,10.255,10.156,10.345,10.097,38348.0,10.128074149593708,10.144991680748356,-0.016917531154648557,-0.07282285596026798,0.11181064961123885
348,2017-02-20,10.156,10.305,10.305,10.097,47913.0,10.155293511194676,10.156844148841097,-0.0015506376464209382,-0.061857899296599204,0.12061452330035653
349,2017-02-21,10.275,10.255,10.345,10.235,50257.0,10.17063297101088,10.16411495263066,0.006518018380219814,-0.05133852734631936,0.11571309145307834
350,2017-02-22,10.255,10.404,10.563,10.216,74992.0,10.20653559085536,10.181884215398794,0.024651375456565816,-0.039647773068952404,0.12859829705103643
351,2017-02-23,10.354,10.414,10.434,10.315,49889.0,10.238453192262227,10.199077977221133,0.03937521504109398,-0.02749039028279142,0.1337312106477708
352,2017-02-24,10.424,10.374,10.503,10.305,38967.0,10.259306547298808,10.212035164093663,0.047271383205144346,-0.015988578976955145,0.12651992436419898
353,2017-02-27,10.384,10.245,10.424,10.235,34699.0,10.257105540022069,10.214477003790432,0.042628536231637426,-0.006970561252556283,0.09919819496838742
354,2017-02-28,10.245,10.285,10.364,10.226,33901.0,10.26139699540329,10.219700929435591,0.041696065967698814,0.0005166121659445038,0.08235890760350863
355,2017-03-01,10.235,10.285,10.364,10.235,39332.0,10.265028226879707,10.224537897625554,0.04049032925415297,0.006666414794899655,0.06764782891850663
356,2017-03-02,10.285,10.315,10.414,10.265,57292.0,10.272716191975137,10.231238794097743,0.041477397877393685,0.012021950653744892,0.058910894447297586
357,2017-03-03,10.345,10.394,10.444,10.235,39453.0,10.291375239363578,10.243295179720146,0.048080059643432094,0.017569352036773695,0.0610214152133168
358,2017-03-06,10.414,10.513,10.553,10.394,75943.0,10.325471356384567,10.263273314555711,0.062198041828855466,0.024435304312478586,0.07552547503275375
359,2017-03-07,10.553,10.563,10.592,10.473,56516.0,10.362014224633095,10.285475291255308,0.07653893337778683,0.032451247245602936,0.0881753722643678
360,2017-03-08,10.563,10.503,10.632,10.414,43003.0,10.38370434392031,10.301588232643818,0.08211611127649299,0.04009199555804757,0.08404823143689083
361,2017-03-09,10.434,10.454,10.553,10.394,34314.0,10.394519060240262,10.31287799318873,0.08164106705153173,0.046484160403198985,0.0703138132966655
362,2017-03-10,10.464,10.612,10.652,10.424,41686.0,10.427977666357144,10.335035178878469,0.09294248747867506,0.05363159533788762,0.07862178428157489
363,2017-03-13,10.662,10.781,10.831,10.483,95084.0,10.482288794609891,10.368069610072679,0.11421918453721247,0.06295276290701451,0.10253284326039591
364,2017-03-14,10.89,10.662,10.92,10.612,51567.0,10.509936672362215,10.38984223154879,0.1200944408134248,0.07174379027723148,0.09670130107238664
365,2017-03-15,10.731,10.642,10.731,10.454,53311.0,10.530254107383412,10.408520584767409,0.12173352261600279,0.07943451832935014,0.0845980085733053
366,2017-03-16,10.632,10.652,10.702,10.573,49257.0,10.548984244709041,10.42655609700687,0.12242814770217159,0.08604892284824577,0.07275844970785164
367,2017-03-17,10.612,10.632,10.731,10.602,42314.0,10.561755899369189,10.441774163895257,0.11998173547393165,0.09126935555988976,0.05742475982808379
368,2017-03-20,10.543,10.682,10.761,10.543,49128.0,10.580254991773929,10.459568670273393,0.1206863215005356,0.09579504262768143,0.049782557745708333
369,2017-03-21,10.672,10.702,10.741,10.632,32493.0,10.598984993039478,10.477526546549445,0.12145844649003301,0.09974325860650475,0.04343037576705652
370,2017-03-22,10.612,10.999,11.059,10.563,100993.0,10.660525763341097,10.51615420976802,0.14437155357307674,0.10660915013982353,0.07552480686650642
371,2017-03-23,11.009,10.969,11.098,10.761,96748.0,10.707983338211697,10.549698342377809,0.15828499583388833,0.11455928024660274,0.08745143117457119
372,2017-03-24,10.989,11.812,11.991,10.989,311857.0,10.877832055409897,10.643202168868376,0.23462988654152106,0.1330316812150517,0.2031964106529387
373,2017-03-27,11.822,11.793,12.279,11.763,179469.0,11.018627123808376,10.728372378581856,0.2902547452265196,0.1572198449091237,0.26606980063479185
374,2017-03-28,11.951,11.931,12.031,11.683,103713.0,11.15899218168401,10.817455906094338,0.3415362755896716,0.18557621885997724,0.3119201134593887
375,2017-03-29,11.902,12.259,12.308,11.753,135196.0,11.328224153732624,10.924236950087378,0.40398720364524543,0.2191779088269416,0.36961858963660765
376,2017-03-30,12.269,12.447,12.497,11.902,155296.0,11.500343514696837,11.037034213043897,0.4633093016529397,0.2567365846463259,0.41314543401322756
377,2017-03-31,12.199,12.219,12.487,11.951,171481.0,11.610906050897324,11.124587234299925,0.4863188165973984,0.29205692802341404,0.3885237771479687
378,2017-04-05,12.15,12.07,12.219,11.981,104388.0,11.681535889220811,11.194617809536982,0.4869180796838286,0.3220355667404009,0.3297650258868554
379,2017-04-06,12.05,12.249,12.269,11.852,119209.0,11.768838060109916,11.27272019401574,0.49611786609417585,0.348817458948674,0.2946008142910037
380,2017-04-07,12.1,12.11,12.358,12.021,90225.0,11.821324512400697,11.334740920384958,0.4865835920157391,0.37001224865129945,0.23314268672887928
381,2017-04-10,12.001,11.614,12.001,10.9,134230.0,11.789428433569821,11.355426778134225,0.4340016554355959,0.3798567727719604,0.10828976532727097
382,2017-04-11,11.624,11.535,11.743,11.148,89388.0,11.750285597636003,11.368728498272432,0.38155709936357063,0.380118361478362,0.0028774757704173037
383,2017-04-12,11.574,11.614,11.892,11.436,100287.0,11.72931858261508,11.386896757659663,0.3424218249554176,0.374318894320986,-0.06379413873113671
384,2017-04-13,11.703,11.505,11.793,11.475,42795.0,11.694808031443529,11.39564514598117,0.2991628854623585,0.36275643141965863,-0.12718709191460031
385,2017-04-14,11.485,11.069,11.525,10.989,70231.0,11.59852987275991,11.37144920924182,0.2270806635180893,0.3418832363578787,-0.2296051456795788
386,2017-04-17,11.069,11.059,11.188,11.029,47012.0,11.515525276950692,11.348304823372052,0.1672204535786399,0.3150120390072266,-0.29558317085717334
387,2017-04-18,11.307,11.188,11.307,11.029,75051.0,11.465136772804431,11.336430392011158,0.12870638079327357,0.2863496300512338,-0.3152864985159205
388,2017-04-19,11.158,10.95,11.237,10.821,53097.0,11.385884961603749,11.307805918528846,0.07807904307490254,0.2543080012856444,-0.3524579164214837
389,2017-04-20,10.95,11.386,11.455,10.811,121758.0,11.385902659818555,11.313598072711894,0.07230458710666099,0.22630747602733928,-0.3080057778413566
390,2017-04-21,11.297,10.801,11.386,10.791,91486.0,11.295917635231085,11.275627845103603,0.020289790127481666,0.19461244742736117,-0.348645314599759
391,2017-04-24,10.751,10.523,10.801,10.444,77179.0,11.177007229810917,11.219877634355184,-0.04287040454426716,0.15807662404711065,-0.4018940571827556
392,2017-04-25,10.533,10.791,10.86,10.473,65626.0,11.1176215021477,11.188108920699243,-0.07048741855154361,0.12291292518577922,-0.3868006874746457
393,2017-04-26,10.711,11.049,11.078,10.642,90847.0,11.10706434797113,11.177804556203002,-0.07074020823187155,0.09312013542921754,-0.3277206873221782
394,2017-04-27,10.95,11.217,11.287,10.91,82773.0,11.12397752520634,11.180707922410189,-0.056730397203848426,0.07006620733182278,-0.2535932090713424
395,2017-04-28,11.307,11.307,11.396,11.108,50543.0,11.15213482902075,11.190062891120546,-0.03792806209979638,0.05345170434234291,-0.18275953288427857
396,2017-05-02,11.832,12.189,12.378,11.723,222706.0,11.311652547632942,11.264058232519027,0.04759431511391554,0.05255056753796947,-0.00991250484810785
397,2017-05-03,12.279,12.199,12.348,11.941,120375.0,11.448167540304798,11.333313178258363,0.11485436204643484,0.062135766693117996,0.1054371907066337
398,2017-05-04,12.12,12.417,12.467,11.981,176335.0,11.597218687950212,11.413586276165153,0.18363241178505874,0.08082755824572428,0.2056097070786689
399,2017-05-05,12.497,12.199,12.695,12.179,124966.0,11.689800428265565,11.471765070523293,0.21803535774227178,0.10193645047596236,0.23219781453261884
400,2017-05-08,12.209,12.229,12.586,12.08,125800.0,11.772754208532401,11.527856546780827,0.24489766175157435,0.12393048297990268,0.24193435754334333
401,2017-05-09,12.031,12.16,12.249,11.713,113459.0,11.8323304841428,11.574681987760027,0.25764849638277276,0.1445024850418827,0.22629202268178011
402,2017-05-10,12.15,12.279,12.646,12.07,171824.0,11.901048871197753,11.626853692370396,0.2741951788273571,0.16445520716272494,0.21947994332926435
403,2017-05-11,12.05,12.477,12.517,11.882,107934.0,11.989656737167332,11.689827492935553,0.2998292442317787,0.18528198209642555,0.2290945242707063
404,2017-05-12,12.388,12.368,12.497,12.12,83668.0,12.047863392987741,11.740062493458845,0.3078008995288961,0.20413104631680562,0.20733970642418098
405,2017-05-15,12.417,13.608,13.608,12.229,324268.0,12.287884409451166,11.87842823468412,0.40945617476704577,0.23571952761684256,0.3474732943004064
406,2017-05-16,13.608,13.895,14.034,13.191,305679.0,12.535132961843294,12.02780392100382,0.5073290408394744,0.27750560657417056,0.45964686853060766
407,2017-05-17,13.736,13.697,14.341,13.578,240803.0,12.713881736944327,12.15144807500354,0.562433661940787,0.3213406920151885,0.48218593985119707
408,2017-05-18,13.558,13.34,13.677,13.231,181996.0,12.810207623568276,12.239488958336613,0.5707186652316629,0.3597065340484923,0.4220242623663413
409,2017-05-19,13.35,13.459,13.568,13.092,142560.0,12.910021835327004,12.32982310957094,0.5801987257560643,0.39362840969581103,0.37314063212050663
410,2017-05-22,13.34,13.379,13.746,13.201,125298.0,12.982172322199775,12.407539916269391,0.5746324059303838,0.42147517834728376,0.30631445516620004
411,2017-05-23,13.389,12.725,13.637,12.626,167701.0,12.942607349553654,12.431055478027213,0.5115518715264411,0.43533313114407723,0.15243748076472774
412,2017-05-24,12.626,12.943,12.973,12.269,150544.0,12.94266775731463,12.468977294469644,0.4736904628449867,0.44123425909806335,0.06491240749384675
413,2017-05-25,12.923,12.854,13.003,12.596,124420.0,12.92902656388161,12.497497494879303,0.43152906900230725,0.4397411529294855,-0.01642416785435652
414,2017-05-26,12.893,12.269,13.151,12.209,179505.0,12.827484015592132,12.480571754517872,0.34691226107426054,0.42545978495175857,-0.15709504775499605
415,2017-05-31,12.447,13.379,13.498,12.269,241271.0,12.912332628577959,12.547121994923955,0.3652106336540033,0.41619068475210386,-0.10196010219620111
416,2017-06-01,13.141,13.241,13.399,12.943,210673.0,12.962896839565964,12.59852036567033,0.3643764738956339,0.4082192676972623,-0.08768558760325684
417,2017-06-02,13.151,13.846,14.044,12.943,241361.0,13.098758864248124,12.690926264509567,0.40783259973855657,0.40815978031899985,-0.000654361160886574
418,2017-06-05,13.865,14.044,14.193,13.647,184201.0,13.24418057744072,12.791153948619971,0.45302662882074785,0.4150623723961918,0.07592851284911206
419,2017-06-06,13.895,13.925,14.143,13.766,135221.0,13.348922027065225,12.875142545018495,0.47377948204673004,0.42409577388089,0.09936741633168011
420,2017-06-07,13.965,14.5,14.629,13.786,196838.0,13.526010945978268,12.995502356498607,0.5305085894796608,0.4404669762807009,0.18008322639791985
421,2017-06-08,14.73,14.47,15.65,14.42,268444.0,13.67124003121238,13.104724404165378,0.5665156270470018,0.45985907639859336,0.2133131012968168
422,2017-06-09,14.76,14.51,14.85,14.16,163889.0,13.800280026410476,13.20881889274572,0.5914611336647564,0.4801055467472338,0.22271117383504513
423,2017-06-12,14.31,15.08,15.37,14.04,199394.0,13.997160022347327,13.347424900690482,0.6497351216568443,0.5062024044256355,0.2870654344624177
424,2017-06-13,14.91,14.98,15.41,14.87,154711.0,14.148366172755432,13.468356389528225,0.6800097832272076,0.5329420011643389,0.2941355641257375
425,2017-06-14,14.99,14.65,15.19,14.62,93170.0,14.225540607716136,13.555885545859468,0.6696550618566679,0.5539747797323895,0.23136056424855678
426,2017-06-15,14.69,15.12,15.32,14.6,141568.0,14.363149744990576,13.671745875795805,0.6914038691947706,0.5751177165727558,0.2325723052440296
427,2017-06-16,15.12,14.8,15.27,14.71,105983.0,14.430357476530487,13.755320255366488,0.6750372211639988,0.5904899480483317,0.16909454623133424
428,2017-06-19,14.89,14.51,14.89,14.31,128355.0,14.442610172448875,13.811222458672674,0.631387713776201,0.5967819120064654,0.0692116035394712
429,2017-06-20,14.62,14.79,14.99,14.42,107570.0,14.496054761302894,13.883724498770993,0.6123302625319003,0.5991739659334554,0.026312593196889722
430,2017-06-21,14.71,15.34,15.35,14.52,117052.0,14.62589249033322,13.991596758121291,0.6342957322119283,0.604577314591682,0.05943683524049259
431,2017-06-22,15.21,15.12,16.07,15.08,167851.0,14.701909030281957,14.07518218344564,0.6267268468363163,0.6079849349370103,0.037483823798611926
432,2017-06-23,15.23,15.47,15.52,14.89,98259.0,14.82007687177704,14.178502021708926,0.641574850068114,0.6131526141879494,0.05684447176032914
433,2017-06-26,15.47,16.11,16.28,15.28,149069.0,15.01852658381134,14.321575946026783,0.6969506377845569,0.6260446178181968,0.1418120399327203
434,2017-06-27,16.13,16.0,16.15,15.73,90328.0,15.169522493994211,14.445903653728502,0.7236188402657096,0.6410560366562756,0.16512560721886782
435,2017-06-28,15.82,15.47,16.02,15.3,120563.0,15.215749802610487,14.521762642341205,0.6939871602692822,0.649199286442892,0.08957574765278031
436,2017-06-29,15.46,15.79,15.94,15.31,113563.0,15.30409598682426,14.615706150315932,0.6883898365083283,0.6552286018375746,0.06632246934150743
437,2017-06-30,15.6,15.71,15.76,15.38,89423.0,15.366542758082069,14.696764953996233,0.669777804085836,0.6574669406449994,0.02462172688167308
438,2017-07-03,15.63,14.66,15.7,14.6,215342.0,15.257843872223289,14.694041624070584,0.5638022481527045,0.6430569879538771,-0.15850947960234518
439,2017-07-04,14.78,14.95,15.05,14.6,118185.0,15.21048327649663,14.713001503769059,0.4974817727275713,0.620660800995984,-0.2463580565368253
440,2017-07-05,14.84,14.96,15.16,14.75,94084.0,15.171947387804842,14.731297688675056,0.4406496991297857,0.5929667853242612,-0.30463417238895096
441,2017-07-06,14.98,15.02,15.2,14.85,98397.0,15.148570866604096,14.752683045069498,0.39588782153459867,0.5626469447412361,-0.3335182464132749
442,2017-07-07,14.9,14.56,14.97,14.21,154547.0,15.058021502511158,14.738410226916201,0.3196112755949567,0.5252568417956547,-0.4112911324013959
443,2017-07-10,14.43,14.65,14.84,14.4,98092.0,14.99524896366329,14.731861321218705,0.26338764244458446,0.4849692726647208,-0.44316326044027265
444,2017-07-11,14.67,14.58,14.73,14.31,92981.0,14.931364507715092,14.720612334461766,0.21075217325332574,0.44278202660142923,-0.464059706696207
445,2017-07-12,14.6,14.82,14.89,14.3,126671.0,14.914231506528155,14.727974383760895,0.1862571227672607,0.4033166567807879,-0.43411906802705436
446,2017-07-13,14.78,14.39,14.78,14.21,116882.0,14.833580505523825,14.702939244223051,0.1306412613007737,0.3613665959377087,-0.46145066927387
447,2017-07-14,14.28,14.35,14.52,14.12,83402.0,14.759183504674006,14.676795596502824,0.08238790817118158,0.3184467978197814,-0.47211777929719967
448,2017-07-17,14.25,13.07,14.26,13.04,173011.0,14.499309119339541,14.557773700465576,-0.05846458112603514,0.2604604318281173,-0.6378500259083049
449,2017-07-18,13.0,13.24,13.38,12.7,136178.0,14.305569254825764,14.460160833764423,-0.1545915789386587,0.19660627632553634,-0.7023957105283901
450,2017-07-19,13.18,13.91,14.07,13.11,143509.0,14.24471244639103,14.419408179411501,-0.1746957330204708,0.13948289027230446,-0.6283572465855505
451,2017-07-20,13.89,14.21,14.24,13.8,104673.0,14.239372070023178,14.403896462418057,-0.16452439239487937,0.09271253909273769,-0.5144738629752341
452,2017-07-21,14.19,14.06,14.28,14.01,85438.0,14.211776366942688,14.37842265038709,-0.16664628344440224,0.052811181779331536,-0.43891493044746754
453,2017-07-24,14.1,14.18,14.37,14.0,84726.0,14.206887695105353,14.363724676284344,-0.1568369811789907,0.020557618247281948,-0.3547891988525453
454,2017-07-25,14.12,14.18,14.55,14.12,94760.0,14.202751126627605,14.350115441004023,-0.14736431437641784,-0.005276525233287261,-0.28417557828626117
455,2017-07-26,14.12,13.59,14.17,13.18,171335.0,14.108481722531053,14.293810593522243,-0.18532887099119044,-0.03297688611911853,-0.3047039697441438
456,2017-07-27,13.5,13.92,14.06,13.42,114419.0,14.079484534449351,14.266120919928001,-0.1866363854786499,-0.05661680909750799,-0.26003915276228384
457,2017-07-28,13.87,14.39,14.48,13.87,119130.0,14.127256144534067,14.275297148081481,-0.148041003547414,-0.07068206978210892,-0.15471786753061018
458,2017-07-31,14.66,14.82,14.98,14.3,207792.0,14.233832122298056,14.315645507482854,-0.08181338518479819,-0.07239457984406111,-0.01883761068147416
459,2017-08-01,14.67,14.48,14.81,14.28,129443.0,14.271704103482971,14.327819914335974,-0.05611581085300266,-0.06989015384543673,0.02754868598486815
460,2017-08-02,14.74,14.78,15.18,14.52,143948.0,14.349903472177898,14.361314735496272,-0.011411263318374054,-0.06089340145665786,0.0989642762765676
461,2017-08-03,14.85,14.43,14.85,14.1,161107.0,14.362226014919758,14.36640253286692,-0.004176517947161784,-0.05216772707058154,0.09598241824683951
462,2017-08-04,14.33,13.79,14.36,13.75,147672.0,14.27419124339364,14.32370604895085,-0.04951480555721055,-0.05175958529929369,0.004489559484166281
463,2017-08-07,13.8,13.76,14.09,13.75,92780.0,14.195084898256157,14.28195004532486,-0.08686514706870341,-0.057160440956125956,-0.0594094122251549
464,2017-08-08,13.76,14.15,14.2,13.53,134172.0,14.188148760062903,14.27217596789339,-0.084027207830486,-0.0612937897060275,-0.04546683624891701
465,2017-08-09,14.05,14.08,14.28,13.88,97530.0,14.171510489283996,14.257940711012399,-0.08643022172840276,-0.06516093309408523,-0.04253857726863505
466,2017-08-10,14.0,14.49,14.55,13.97,160563.0,14.220508875547997,14.275130287974443,-0.054621412426445914,-0.06353946837598687,0.017836111899081908
467,2017-08-11,14.35,14.65,15.06,14.25,232740.0,14.286584433156,14.302898414791153,-0.01631398163515385,-0.05627400887739717,0.07992005448448664
468,2017-08-14,14.78,15.1,15.33,14.65,310456.0,14.411725289593537,14.361942976658474,0.04978231293506319,-0.03995765167548019,0.17947992922108674
469,2017-08-15,15.09,14.92,15.2,14.7,194187.0,14.48992139888684,14.403280533943029,0.08664086494381174,-0.02048095681097373,0.21424364350957092
470,2017-08-16,14.81,14.86,15.05,14.7,120865.0,14.546856568288865,14.437111605502805,0.10974496278605983,-0.0004461999498916353,0.22038232547190292
471,2017-08-17,14.78,15.04,15.15,14.55,174504.0,14.622724788552114,14.481770005095191,0.14095478345692314,0.021307797497310647,0.23929397191922497
472,2017-08-18,14.85,14.61,14.9,14.48,160869.0,14.620767128774865,14.491268523236288,0.1294986055385774,0.03795253719596708,0.18309213668522062
473,2017-08-21,14.56,14.6,14.8,14.38,108560.0,14.617572185886425,14.499322706700267,0.11824947918615791,0.050305912886765676,0.1358871325987845
474,2017-08-22,14.6,14.05,14.62,13.78,261384.0,14.530253388057744,14.466039543240989,0.06421384481675574,0.05244559472214876,0.023536500189213952
475,2017-08-23,13.99,14.28,14.31,13.85,123191.0,14.491752866818091,14.452258836334249,0.03949403048384248,0.05045304637779394,-0.021918031787902928
476,2017-08-24,14.29,13.86,14.35,13.81,124298.0,14.394560118076845,14.408387811420601,-0.013827693343756664,0.04056370180524769,-0.1087827902980087
477,2017-08-25,13.79,13.95,13.98,13.76,82523.0,14.32616625375733,14.374433158722779,-0.048266904965448276,0.026897454609755997,-0.15032871915040855
478,2017-08-28,13.94,14.18,14.28,13.9,122281.0,14.303679137794663,14.360030702521092,-0.05635156472642855,0.01408991317341991,-0.14088295579969692
479,2017-08-29,14.26,14.24,14.36,14.09,115523.0,14.293882347364715,14.351139539371383,-0.057257192006668234,0.0031134354534063436,-0.12074125492014916
480,2017-08-30,14.29,14.99,15.28,14.11,363109.0,14.400977370847066,14.398462536454984,0.0025148343920822214,0.0030213429824334018,-0.0010130171807023608
481,2017-08-31,15.04,15.19,15.24,14.8,240406.0,14.522365467639826,14.457094941162023,0.06527052647780351,0.012598140443259577,0.10534477206908788
482,2017-09-01,15.2,15.09,15.26,14.85,191139.0,14.6096938572337,14.503976797372244,0.10571705986145474,0.02692412804605884,0.1575858636307918
483,2017-09-04,15.07,15.09,15.24,14.91,232755.0,14.683587109966977,14.547385923492818,0.13620118647415858,0.04373598318884342,0.1849304065706303
484,2017-09-05,15.07,15.2,15.47,14.9,235220.0,14.763035246895134,14.595727706937796,0.1673075399573385,0.06274699192245806,0.20912109606976087
485,2017-09-06,15.1,15.09,15.12,14.8,137881.0,14.813337516603575,14.632340469386847,0.18099704721672794,0.0809393081215765,0.20011547819030287
486,2017-09-07,15.08,14.6,15.27,14.57,219751.0,14.780516360203023,14.629944879061894,0.15057148114112984,0.0916519501245847,0.11783906203309027
487,2017-09-08,14.59,14.74,14.77,14.3,176266.0,14.77428307401794,14.638097110242496,0.13618596377544456,0.0985033368401016,0.07536525387068593
488,2017-09-11,14.7,14.71,14.85,14.28,159184.0,14.764393370322875,14.643423250224535,0.12097012009833996,0.10195976503367674,0.03802071012932645
489,2017-09-12,14.86,15.26,15.29,14.7,347819.0,14.840640544119356,14.689095602059755,0.15154494205960134,0.10958825380689591,0.08391337650541086
490,2017-09-13,15.51,14.87,15.8,14.78,354450.0,14.84515738348561,14.702495927833107,0.14266145565250277,0.11467643870622005,0.05597003389256544
491,2017-09-14,14.76,14.58,14.76,14.33,240962.0,14.804363939872438,14.693422155401025,0.11094178447141267,0.11410187651624969,-0.006320184089674025
492,2017-09-15,14.43,14.45,14.58,14.31,121218.0,14.749846410661293,14.675390884630579,0.07445552603071448,0.1080024379800135,-0.06709382389859803
493,2017-09-18,14.47,14.44,14.55,14.27,126357.0,14.702177732098017,14.657954522806092,0.0442232092919248,0.09819024895107677,-0.10793407931830393
494,2017-09-19,14.38,14.07,14.47,14.03,125131.0,14.604919619467552,14.614402335931565,-0.009482716464013663,0.08162517734875516,-0.18221578762553764
495,2017-09-20,14.08,14.52,14.55,13.96,153194.0,14.591855062626388,14.607409570307006,-0.015554507680617391,0.06667445657500552,-0.16445792851124583
496,2017-09-21,14.5,14.11,14.51,14.1,173263.0,14.51772351453002,14.57056441695093,-0.05284090242090933,0.04828747826794169,-0.20225676137770204
497,2017-09-22,14.06,13.72,14.1,13.68,150364.0,14.39499681998694,14.507559645324935,-0.11256282533799578,0.02354127771318207,-0.2722082061023557
498,2017-09-25,13.84,13.52,14.04,13.47,102538.0,14.260381924604333,14.43440707900457,-0.17402515440023691,-0.006853557996574711,-0.3343431928073244
499,2017-09-26,13.5,13.99,14.03,13.5,112667.0,14.218784705434436,14.401488036115344,-0.1827033306809085,-0.03390736917877992,-0.29759192300425713
500,2017-09-27,13.92,14.47,14.57,13.9,183123.0,14.257433212290676,14.406562996403096,-0.14912978411241973,-0.05163389455318605,-0.19499177911846735
501,2017-09-28,14.45,14.26,14.48,14.19,147244.0,14.257828102707496,14.395706478151014,-0.13787837544351866,-0.06490227622862185,-0.14595219842979362
502,2017-09-29,14.26,14.27,14.44,14.07,122609.0,14.259700702290958,14.386394887176866,-0.126694184885908,-0.07440872371435818,-0.10457092234309964
503,2017-10-09,14.4,14.26,14.41,14.09,102286.0,14.25974674809235,14.377032302941544,-0.11728555484919312,-0.08100515927356357,-0.0725607911512591
504,2017-10-10,14.23,14.08,14.23,13.98,75862.0,14.232093402231987,14.35502991013106,-0.12293650789907318,-0.08745613598518043,-0.0709607438277855
505,2017-10-11,13.98,13.9,14.15,13.88,81435.0,14.181002109580913,14.321323990862092,-0.14032188128117973,-0.09558932756918033,-0.0894651074239988
506,2017-10-12,13.91,13.59,13.98,13.5,158542.0,14.090078708106926,14.267151843390828,-0.17707313528390145,-0.10812529798682974,-0.13789567459414342
507,2017-10-13,13.62,14.13,14.15,13.52,185563.0,14.096220445321244,14.2569924475841,-0.16077200226285626,-0.11622479095237229,-0.08909442262096795
508,2017-10-16,14.15,13.74,14.18,13.65,111243.0,14.041417299887206,14.218696710726018,-0.17727941083881227,-0.12561780939644,-0.10332320288474456
509,2017-10-17,13.7,13.81,14.03,13.59,66190.0,14.005814638366097,14.188422880301868,-0.18260824193577108,-0.13438556824864478,-0.09644534737425259
510,2017-10-18,13.78,14.03,14.17,13.78,121023.0,14.009535463232853,14.176687852131359,-0.16715238889850603,-0.13942661757939268,-0.055451542638226714
511,2017-10-19,13.99,13.82,14.22,13.75,128115.0,13.980376161197029,14.150266529751258,-0.16989036855422945,-0.14411334849859833,-0.051554040111262245
512,2017-10-20,13.75,14.25,14.29,13.67,171983.0,14.021856751782101,14.157654194214127,-0.1357974424320254,-0.1428339783345102,0.014073071804969584
513,2017-10-23,14.28,14.35,14.36,14.01,154530.0,14.072340328431007,14.171902031679746,-0.09956170324873881,-0.13617670524439152,0.07323000399130541
514,2017-10-24,14.28,14.27,14.35,14.12,99911.0,14.10274950867239,14.179168547851617,-0.07641903917922654,-0.12698321815744304,0.10112835795643299
515,2017-10-25,14.24,14.38,14.5,14.18,163020.0,14.145403430415099,14.19404495171446,-0.048641521299360946,-0.1149306494100458,0.1325782562213697
516,2017-10-26,14.45,14.26,14.48,14.12,114495.0,14.1630336718897,14.19893051084672,-0.03589683895702045,-0.10277160164804189,0.13374952538204288
517,2017-10-27,14.22,14.7,14.75,14.18,208684.0,14.245643876214363,14.236046769302519,0.009597106911844122,-0.08548410802344403,0.1901624298705763
518,2017-10-30,14.86,15.02,15.37,14.66,369665.0,14.364775587566,14.294117378983815,0.0706582085821843,-0.061462213161039655,0.26424084348644794
519,2017-10-31,14.95,15.31,15.37,14.73,263265.0,14.510194727940462,14.369367943503534,0.14082678443692842,-0.0303408289151984,0.34233522670425365
520,2017-11-01,15.22,15.01,15.35,14.98,179553.0,14.587087846718854,14.416822169910679,0.1702656768081745,0.0005217104268589842,0.33948793276263106
521,2017-11-02,14.94,14.75,15.04,14.68,162812.0,14.612151254915954,14.441502009176556,0.17064924573939777,0.02669517739801881,0.28790813668275794
522,2017-11-03,14.62,15.51,15.91,14.62,389915.0,14.75028183108273,14.520650008496812,0.22963182258591885,0.057916199734618826,0.3434312457026001
523,2017-11-06,15.47,15.8,16.22,15.47,375313.0,14.91177693399308,14.615416674534087,0.2963602594589929,0.0945999012306764,0.403520716456633
524,2017-11-07,15.65,15.7,15.89,15.39,249235.0,15.033042021071068,14.695756180124153,0.33728584094691527,0.13193619964855932,0.4106992825967119
525,2017-11-08,15.71,15.96,16.24,15.52,274164.0,15.17565094090629,14.789403870485327,0.3862470704209642,0.1710609489981601,0.43037224284560816
526,2017-11-09,15.8,17.0,17.2,15.55,436021.0,15.456320026920707,14.95315173193086,0.5031682949898482,0.2221543868430352,0.5620278162936259
527,2017-11-10,16.82,17.0,17.15,16.62,394489.0,15.69380925354829,15.104770122158202,0.5890391313900878,0.2785981936964279,0.6208818753873198
528,2017-11-13,16.95,17.04,17.5,16.76,331033.0,15.90091552223317,15.248120483479816,0.6527950387533537,0.3361669390898011,0.6332561993271051
529,2017-11-14,17.02,16.42,17.15,16.35,252842.0,15.980774672658837,15.334926373592422,0.6458482990664152,0.38381022524004943,0.5240761476527315
530,2017-11-15,16.53,16.68,16.92,16.28,247157.0,16.088347799942092,15.434561457030021,0.6537863429120705,0.42534501257420654,0.4568826606757279
531,2017-11-16,16.7,16.02,16.7,15.7,367083.0,16.077832753797153,15.477927275027799,0.5999054787693545,0.4522004689119216,0.2954100197148658
532,2017-11-17,16.05,15.25,16.11,15.15,266831.0,15.95047386859759,15.46104377317389,0.4894300954237014,0.45792810375988774,0.06300398332762736
533,2017-11-20,15.13,15.67,15.73,14.91,241773.0,15.9073240426595,15.476522012198044,0.4308020304614555,0.4537548617139751,-0.045905662505039246
534,2017-11-21,15.7,15.88,15.93,15.25,340575.0,15.903120343788807,15.506409270553744,0.3967110732350623,0.4449788942556808,-0.0965356420412371
535,2017-11-22,15.71,15.66,16.06,15.35,198859.0,15.865717213975143,15.517786361623838,0.34793085235130583,0.43004842627039236,-0.16423514783817306
536,2017-11-23,15.5,14.53,15.6,14.46,305747.0,15.660222257978967,15.444617001503552,0.21560525647541517,0.3970571693788574,-0.3629038258068844
537,2017-11-24,14.4,14.26,14.78,14.21,145527.0,15.444803449059126,15.35686759398477,0.08793585507435608,0.34950004410124175,-0.5231283780537713
538,2017-11-27,14.25,14.41,14.48,14.11,127105.0,15.285602918434643,15.286729253689602,-0.0011263352549590877,0.29555752420028775,-0.5933677189104937
539,2017-11-28,14.35,14.56,14.6,14.13,135650.0,15.17397170021393,15.232897457120002,-0.05892575690607238,0.24102163479930924,-0.5998947834107633
540,2017-11-29,14.45,14.67,14.78,14.3,115922.0,15.09643759248871,15.191201349185185,-0.09476375669647474,0.18936234379995784,-0.5682522009928652
541,2017-11-30,14.67,14.71,14.86,14.48,106683.0,15.036985655182756,15.155556804801098,-0.11857114961834192,0.14198796019714247,-0.5211182196309687
542,2017-12-01,14.65,14.87,15.05,14.51,95801.0,15.011295554385411,15.134404448889907,-0.12310889450449558,0.10120382870458274,-0.4486254464181566
543,2017-12-04,14.75,14.89,15.03,14.7,80267.0,14.992634699864578,15.116300415638802,-0.1236657157742247,0.06660851416938157,-0.38054845988721253
544,2017-12-05,14.74,14.48,14.92,13.88,161182.0,14.913767822962335,15.069167051517407,-0.1553992285550727,0.032453476827157816,-0.37570541076446107
545,2017-12-06,14.33,14.5,14.56,14.09,69765.0,14.850111234814282,15.027006529182785,-0.17689529436850293,0.0002459735662869211,-0.3542825358695797
546,2017-12-07,14.37,13.89,14.5,13.85,98787.0,14.702401814073625,14.942783823317393,-0.24038200924376874,-0.03677371609679858,-0.4072165862939403
547,2017-12-08,13.9,15.27,15.28,13.9,444577.0,14.78972461190845,14.967022058627217,-0.17729744671876624,-0.058392751577101304,-0.23780939028332987
548,2017-12-11,15.2,15.14,15.34,14.95,270589.0,14.843613133153303,14.979835239469644,-0.13622210631634069,-0.07036649846006121,-0.13171121571255895
549,2017-12-12,15.08,14.98,15.27,14.95,189401.0,14.864595728052794,14.979847443953373,-0.11525171590057859,-0.07727191652783312,-0.07595959874549094
550,2017-12-13,14.92,15.1,15.17,14.88,159077.0,14.900811769890826,14.98874763329016,-0.08793586339933412,-0.07891252373883327,-0.018046679321001707
551,2017-12-14,15.15,14.81,15.15,14.42,222751.0,14.886840728369162,14.97550706786126,-0.08866633949209834,-0.08041311077779713,-0.016506457428602433
552,2017-12-15,14.69,14.38,14.75,14.35,113114.0,14.80886523169698,14.93139543320487,-0.12253020150788885,-0.08689266319781125,-0.0712750766201552
553,2017-12-18,14.24,14.41,14.73,14.2,95664.0,14.747501349897444,14.892773549263769,-0.14527219936632463,-0.09587413030065946,-0.09879613813133034
554,2017-12-19,14.46,14.7,14.75,14.42,83291.0,14.740193449913223,14.878494027096082,-0.13830057718285893,-0.102401275974844,-0.07179860241602987
555,2017-12-20,14.7,14.71,14.8,14.53,82180.0,14.735548303772726,14.866012988051928,-0.1304646842792021,-0.10671872340628372,-0.047491921745836774
556,2017-12-21,14.56,15.26,15.33,14.5,206635.0,14.816233180115384,14.895197211159193,-0.07896403104380845,-0.10244877073513368,0.046969479382650475
557,2017-12-22,15.2,15.24,15.44,15.07,150933.0,14.881428075482248,14.920738158480734,-0.039310082998486706,-0.09273512646795722,0.10685008693894102
558,2017-12-25,15.18,15.11,15.3,14.83,122052.0,14.916592986946517,14.93475755414883,-0.0181645672023123,-0.08126273273478107,0.12619633106493755
559,2017-12-26,15.05,15.38,15.39,14.81,127683.0,14.987886373570129,14.96773847606373,0.02014789750639956,-0.06566109731306097,0.17161798963892105
560,2017-12-27,15.29,14.95,15.45,14.9,127214.0,14.982057700713188,14.966424514873822,0.015633185839366348,-0.05315428452037983,0.13757494071949236
561,2017-12-28,14.9,15.5,15.73,14.82,176415.0,15.061741131372697,15.005948624883167,0.055792506489529714,-0.03639323974962451,0.18437149247830845
562,2017-12-29,15.58,15.77,15.79,15.41,126275.0,15.170704034238435,15.06254502303997,0.10815901119846494,-0.014154431911456891,0.24462688621984366
563,2018-01-02,15.81,15.76,15.82,15.47,137925.0,15.261364952047908,15.114208354666637,0.14715659738127052,0.01066264951819349,0.27298789572615406
564,2018-01-03,15.75,15.65,15.77,15.46,179173.0,15.321154959425154,15.15389662469133,0.167258334733825,0.034754293397521424,0.26500808267260717
565,2018-01-04,15.65,15.59,15.65,15.33,167944.0,15.362515734898208,15.186200578417898,0.17631515648031026,0.05653288771795048,0.23956453752471957
566,2018-01-05,15.5,15.39,15.72,15.35,135058.0,15.366744083375407,15.201296831868426,0.16544725150698092,0.07328894368549363,0.18431661564297458
567,2018-01-08,15.3,14.6,15.37,14.41,248219.0,15.248783455163803,15.156756325804098,0.09202712935970503,0.07617174148152615,0.03171077575635775
568,2018-01-09,14.55,14.35,14.7,14.14,223627.0,15.110509077446295,15.096996597966758,0.013512479479537376,0.06653185501968173,-0.1060387510802887
569,2018-01-10,14.69,14.46,14.75,14.26,150219.0,15.010430757839172,15.049811664784036,-0.039380906944863625,0.05023758394821321,-0.17923698178615366
570,2018-01-11,14.32,14.53,14.61,14.22,110159.0,14.936518333556222,15.011307097022254,-0.07478876346603158,0.03100276126909862,-0.2115830494702604
571,2018-01-12,14.54,14.44,14.61,14.32,82302.0,14.860130897624495,14.968988052798382,-0.10885715517388661,0.00948585104710088,-0.23668601244197499
572,2018-01-15,14.48,14.5,14.52,14.14,96162.0,14.804726144143805,14.93424819703554,-0.12952205289173513,-0.011899980328104668,-0.2352441451272609
573,2018-01-16,14.44,14.23,14.47,13.94,126761.0,14.71630673735245,14.882081663921795,-0.16577492656934467,-0.035573048980603136,-0.26040375517748304
574,2018-01-17,14.1,13.93,14.14,13.61,120457.0,14.59533647006746,14.811557096223886,-0.21622062615642612,-0.06336498393072977,-0.30571128445139273
575,2018-01-18,13.96,13.95,14.09,13.75,70515.0,14.496053936210929,14.747738052059153,-0.25168411584822437,-0.0923371580718828,-0.3186939155526831
576,2018-01-19,13.91,13.95,14.11,13.86,46220.0,14.412045638332325,14.688646344499217,-0.27660070616689225,-0.1206853962403458,-0.3118306198530929
577,2018-01-22,13.9,14.07,14.1,13.66,72781.0,14.359423232435043,14.642820689351126,-0.28339745691608265,-0.14571802095968994,-0.2753588719127854
578,2018-01-23,14.01,14.03,14.21,13.93,58206.0,14.308742735137345,14.597426564214006,-0.28868382907666046,-0.1677127606699931,-0.2419421368133347
579,2018-01-24,14.01,14.26,14.33,13.86,74858.0,14.301243852808524,14.572432003901856,-0.27118815109333205,-0.18363205150435297,-0.17511219917795817
580,2018-01-25,14.23,14.23,14.37,14.16,90883.0,14.290283260068751,14.547066670279495,-0.256783410210744,-0.19488610668995157,-0.1237946070415849
581,2018-01-26,14.23,14.17,14.29,14.04,62730.0,14.271778143135098,14.519135805814345,-0.24735766267924753,-0.20295865376522787,-0.08879801782803931
582,2018-01-29,14.09,13.33,14.15,13.02,184335.0,14.126889198037391,14.431051672050321,-0.30416247401293006,-0.21852847226487437,-0.17126800349611138
583,2018-01-30,13.3,12.57,13.3,12.38,245811.0,13.887367782954717,14.293195992639186,-0.40582820968446853,-0.24734381648327347,-0.3169687864023901
584,2018-01-31,12.56,12.29,12.56,11.98,152441.0,13.641618893269378,14.144811104295542,-0.503192211026164,-0.28670510795141047,-0.432974206149507
585,2018-02-01,12.28,12.08,12.37,12.0,114201.0,13.401369832766397,13.991862133606984,-0.5904923008405873,-0.33344159916513,-0.5141014033509147
586,2018-02-02,11.92,12.54,12.75,11.92,152431.0,13.268851396956183,13.884316790376836,-0.6154653934206529,-0.3768298752044412,-0.4772710364324233
587,2018-02-05,12.3,12.7,12.85,12.28,109629.0,13.181335797424463,13.796589620719292,-0.6152538232948288,-0.4135104826029624,-0.4034866813837328
588,2018-02-06,12.45,12.52,12.89,12.35,125154.0,13.07959182858993,13.702027426591938,-0.6224355980020082,-0.44565280804896945,-0.3535655799060775
589,2018-02-07,12.72,12.75,12.91,12.39,90543.0,13.028885393422247,13.631506876474017,-0.6026214830517702,-0.4698018349724773,-0.26563929615858584
590,2018-02-08,12.8,13.59,13.65,12.8,165782.0,13.11521071751113,13.628432293031496,-0.5132215755203653,-0.47648179505676774,-0.0734795609271951
591,2018-02-09,13.17,13.47,13.63,13.02,126407.0,13.16979368404788,13.616696567621757,-0.44690288357387686,-0.47193119329016914,0.05005661943258455
592,2018-02-12,13.46,13.53,13.77,13.3,94554.0,13.225210040348207,13.610274599649776,-0.38506455930156847,-0.45856709575346133,0.14700507290378573
593,2018-02-13,13.6,13.39,13.76,13.36,61704.0,13.250562341833099,13.593957962638681,-0.34339562080558217,-0.4408484072999414,0.19490557298871847
594,2018-02-14,13.28,13.11,13.42,13.0,44320.0,13.228937366166468,13.558109224665447,-0.3291718584989791,-0.423667399792101,0.18899108258624375
595,2018-02-22,13.22,13.6,13.67,13.19,67826.0,13.28602392521778,13.561212245060599,-0.2751883198428189,-0.40082446441528835,0.25127228914493893
596,2018-02-23,13.56,13.48,13.74,13.45,50873.0,13.315866398261198,13.555196523204257,-0.23933012494305927,-0.3759791814195608,0.2732981129530031
597,2018-02-26,13.6,14.09,14.14,13.56,115863.0,13.434963875451784,13.594811595559497,-0.1598477201077131,-0.3427281873715842,0.3657609345277423
598,2018-02-27,14.1,14.14,14.5,13.93,142896.0,13.543430971536125,13.635195921814349,-0.09176495027822362,-0.30411845858799025,0.42470701661953325
599,2018-02-28,14.14,14.2,14.54,14.06,129631.0,13.644441591299799,13.67703326093921,-0.032591669639410625,-0.2623451064420549,0.4595068736052885
600,2018-03-01,14.19,14.52,14.68,14.08,119606.0,13.779142884945983,13.739475241610378,0.03966764333560491,-0.21588160647626106,0.511098499623732
601,2018-03-02,14.37,14.31,14.74,13.96,139779.0,13.86081321033891,13.781736334824425,0.07907687551448461,-0.1705033784776848,0.4991605079843388
602,2018-03-05,14.26,14.53,14.58,14.03,110581.0,13.963765024132922,13.83716327298558,0.1266017511473425,-0.12479489699691135,0.5027932962885078
603,2018-03-06,14.55,14.86,15.17,14.55,162302.0,14.101647328112472,13.91292895646813,0.1887183716443417,-0.07656208643671855,0.5305609161621205
604,2018-03-07,14.81,14.42,14.98,14.32,93074.0,14.150624662249015,13.950489774507526,0.20013488774148946,-0.03399332117853269,0.4682564178400443
605,2018-03-08,14.21,13.94,14.21,13.63,206813.0,14.118220868056857,13.949712754173635,0.16850811388322207,-0.002839254245955023,0.34269473625835417
606,2018-03-09,13.92,14.37,14.46,13.87,129578.0,14.156956119125033,13.980845142753367,0.17611097637166573,0.02469155046444818,0.3028388518144351
607,2018-03-12,14.44,14.48,14.77,14.38,161800.0,14.206655177721181,14.017819576623488,0.18883560109769348,0.04994448133110131,0.27778223953318437
608,2018-03-13,14.57,14.57,14.7,14.36,85850.0,14.262554381148695,14.058721830206933,0.20383255094176178,0.07361956896351063,0.2604259639565023
609,2018-03-14,14.55,14.06,14.56,13.96,131830.0,14.23139216866428,14.058816509450864,0.17257565921341644,0.08884358284811153,0.16746415273060983
610,2018-03-15,14.11,13.95,14.16,13.67,76389.0,14.188101065792852,14.050756027269317,0.1373450385235344,0.09630534525971506,0.08207938652763871
611,2018-03-16,13.95,13.72,14.0,13.65,63918.0,14.116085517209337,14.026255580804923,0.0898299364044135,0.09530912851274558,-0.010958384216664147
612,2018-03-19,13.73,13.64,13.9,13.5,78326.0,14.042841591484823,13.997644056300857,0.04519753518396641,0.08759965261601031,-0.08480423486408781
613,2018-03-20,13.5,13.5,13.54,13.19,86595.0,13.95932750048716,13.960781533611904,-0.0014540331247445692,0.0738990855789711,-0.15070623740743133
614,2018-03-21,13.52,13.26,13.85,13.19,102714.0,13.851738654258368,13.908871790381392,-0.057133136123024286,0.053740282240202566,-0.2217468367264537
615,2018-03-22,13.3,13.26,13.6,13.17,64438.0,13.760701938218618,13.860807213316102,-0.10010527509748357,0.030071734957481614,-0.26035402010993036
616,2018-03-23,12.5,12.1,12.86,11.94,130923.0,13.505209332338831,13.730377049366762,-0.22516771702793115,-0.009195873040274211,-0.43194368797531385
617,2018-03-26,12.08,12.57,12.58,11.97,111624.0,13.361330973517472,13.644423193858112,-0.28309222034063986,-0.051333772624945866,-0.46351689543138797
618,2018-03-27,12.63,12.86,13.04,12.63,119388.0,13.28420313143786,13.586317772090842,-0.30211464065298266,-0.08991544462925923,-0.4243983920474469
619,2018-03-28,12.72,12.78,12.94,12.56,80829.0,13.206633418908957,13.526590529713744,-0.3199571108047863,-0.12530647019472496,-0.38930128122012264
620,2018-03-29,12.85,12.66,12.94,12.59,79385.0,13.122535969846039,13.462398638623837,-0.3398626687777977,-0.15831511613058233,-0.36309510529443073
621,2018-03-30,12.74,12.77,12.86,12.67,98661.0,13.068299666792802,13.411109850577626,-0.34281018378482386,-0.18669897269277333,-0.31222242218410107
622,2018-04-02,12.85,13.08,13.28,12.7,180572.0,13.070099718055449,13.386583194979284,-0.3164834769238354,-0.2066658194975521,-0.21963531485256654
623,2018-04-03,12.96,12.67,12.96,12.46,103779.0,13.008545915277688,13.33350295831415,-0.3249570430364628,-0.22486446927276915,-0.20018514752738725
624,2018-04-04,12.67,12.49,12.8,12.44,78567.0,12.92876962061958,13.271021257698287,-0.3422516370787072,-0.2429240335506058,-0.19865520705620282
625,2018-04-09,12.45,12.33,12.55,12.06,73463.0,12.836651217447335,13.201315979350266,-0.3646647619029313,-0.2616533763740405,-0.20602277105778155
626,2018-04-10,12.33,12.49,12.5,12.21,59521.0,12.783320260916975,13.148625906805801,-0.3653056458888262,-0.27759987937631525,-0.17541153302502188
627,2018-04-11,12.36,12.45,12.53,12.33,78495.0,12.732040220775904,13.096875839635,-0.36483561885909666,-0.29102076237366625,-0.1476297129708608
628,2018-04-12,12.4,12.26,12.47,12.24,44614.0,12.659418648348842,13.034885036699075,-0.37546638835023316,-0.30401239713929196,-0.1429079824218824
629,2018-04-13,12.35,12.22,12.39,12.17,47264.0,12.591815779372096,12.974523182128772,-0.3827074027566759,-0.31611932108042795,-0.13317616335249594
630,2018-04-16,12.05,12.12,12.3,12.03,67089.0,12.519228736391774,12.911225168637753,-0.39199643224597835,-0.3277927227982049,-0.12840741889554685
631,2018-04-17,12.15,11.63,12.2,11.41,127601.0,12.382424315408423,12.81631960059051,-0.4338952851820874,-0.34411619393418685,-0.17955818249580113
632,2018-04-18,11.76,11.93,11.98,11.6,135362.0,12.312820574576358,12.750666296843066,-0.43784572226670804,-0.3585361213699593,-0.15861920179349742
633,2018-04-19,11.96,12.26,12.38,11.93,136007.0,12.304694332333844,12.714320645225062,-0.4096263128912181,-0.36639615083476834,-0.0864603241128995
634,2018-04-20,12.24,11.78,12.32,11.72,90044.0,12.223972127359406,12.645111708541723,-0.42113958118231665,-0.37481821704208346,-0.09264272828046638
635,2018-04-23,11.8,11.77,12.05,11.52,83417.0,12.154130261611806,12.580288619020115,-0.4261583574083083,-0.3827167001753488,-0.08688331446591901
636,2018-04-24,11.79,11.8,11.87,11.47,99176.0,12.099648682902298,12.522489462055663,-0.4228407791533648,-0.38888963540273586,-0.06790228750125793
637,2018-04-25,11.67,11.45,11.7,11.35,128956.0,11.99970273168656,12.443045798199687,-0.44334306651312794,-0.39726708634279617,-0.09215196034066353
638,2018-04-26,11.45,11.65,11.86,11.3,124171.0,11.945902311427089,12.384301664999711,-0.4383993535726223,-0.4035951274550771,-0.06960845223509038
639,2018-04-27,11.7,11.1,11.7,10.81,154308.0,11.81576349428446,12.289168208333065,-0.4734047140486055,-0.4143350638540814,-0.11813930038904819
640,2018-05-02,10.9,9.99,10.95,9.99,238260.0,11.53487680285608,12.118859452160244,-0.5839826493041631,-0.4404346923848632,-0.2870959138385998
